Event Index,UTC Timestamp,UTC Date,Local Timestamp,Local Timezone,Local Date,Experiment ID,Experiment Version,Tree Node Key,Repeat Key,Schedule ID,Participant Public ID,Participant Private ID,Participant Starting Group,Participant Status,Participant Completion Code,Participant External Session ID,Participant Device Type,Participant Device,Participant OS,Participant Browser,Participant Monitor Size,Participant Viewport Size,Checkpoint,Task Name,Task Version,randomiser-mgaa,checkpoint-z52s,checkpoint-u6nu,checkpoint-puaw,checkpoint-axcr,checkpoint-mrc4,branch-ult5,choice made,reaction time,result
1,1562772728912,10/07/2019 15:32:08,1562772728713,2,10/07/2019 17:32:08,8835,5,task-73dp,,2794936,5bf300a7ac0f0d000180a247,773858,,complete,,5d26046ebc6de30001a73aa0,computer,Desktop or Laptop,Windows 10,Chrome 75.0.3770.100,1366x768,1366x663,after questionnairs,AMI_Prescreen,2,High to Low,after consent,after demographics,after training,after fishing,after questionnairs,AMI_accept,"{""Q0"":""Neither true nor untrue"",""Q1"":""Mostly untrue"",""Q2"":""Neither true nor untrue"",""Q3"":""Quite true"",""Q4"":""Quite true"",""Q5"":""Neither true nor untrue""}",37265.90500003658,
2,1562772729021,10/07/2019 15:32:09,1562772728728,2,10/07/2019 17:32:08,8835,5,task-73dp,,2794936,5bf300a7ac0f0d000180a247,773858,,complete,,5d26046ebc6de30001a73aa0,computer,Desktop or Laptop,Windows 10,Chrome 75.0.3770.100,1366x768,1366x663,after questionnairs,AMI_Prescreen,2,High to Low,after consent,after demographics,after training,after fishing,after questionnairs,AMI_accept,,,
3,1562772766127,10/07/2019 15:32:46,1562772766177,2,10/07/2019 17:32:46,8835,5,task-73dp,,2794936,5bf300a7ac0f0d000180a247,773858,,complete,,5d26046ebc6de30001a73aa0,computer,Desktop or Laptop,Windows 10,Chrome 75.0.3770.100,1366x768,1366x663,after questionnairs,AMI_Prescreen,2,High to Low,after consent,after demographics,after training,after fishing,after questionnairs,AMI_accept,"{""Q0"":""Neither true nor untrue"",""Q1"":""Mostly untrue"",""Q2"":""Quite true"",""Q3"":""Mostly untrue"",""Q4"":""Neither true nor untrue"",""Q5"":""Neither true nor untrue"",""Q6"":""Mostly untrue""}",37421.86000011861,
4,1562772766299,10/07/2019 15:32:46,1562772766190,2,10/07/2019 17:32:46,8835,5,task-73dp,,2794936,5bf300a7ac0f0d000180a247,773858,,complete,,5d26046ebc6de30001a73aa0,computer,Desktop or Laptop,Windows 10,Chrome 75.0.3770.100,1366x768,1366x663,after questionnairs,AMI_Prescreen,2,High to Low,after consent,after demographics,after training,after fishing,after questionnairs,AMI_accept,,,
5,1562772790221,10/07/2019 15:33:10,1562772790283,2,10/07/2019 17:33:10,8835,5,task-73dp,,2794936,5bf300a7ac0f0d000180a247,773858,,complete,,5d26046ebc6de30001a73aa0,computer,Desktop or Laptop,Windows 10,Chrome 75.0.3770.100,1366x768,1366x663,after questionnairs,AMI_Prescreen,2,High to Low,after consent,after demographics,after training,after fishing,after questionnairs,AMI_accept,"{""Q0"":""Neither true nor untrue"",""Q1"":""Mostly untrue"",""Q2"":""Neither true nor untrue"",""Q3"":""Quite true"",""Q4"":""Quite true"",""Q5"":""Quite true""}",24075.494999997318,
6,1562772790346,10/07/2019 15:33:10,1562772790295,2,10/07/2019 17:33:10,8835,5,task-73dp,,2794936,5bf300a7ac0f0d000180a247,773858,,complete,,5d26046ebc6de30001a73aa0,computer,Desktop or Laptop,Windows 10,Chrome 75.0.3770.100,1366x768,1366x663,after questionnairs,AMI_Prescreen,2,High to Low,after consent,after demographics,after training,after fishing,after questionnairs,AMI_accept,,,1.9473684210526316
7,1562772790346,10/07/2019 15:33:10,1562772790296,2,10/07/2019 17:33:10,8835,5,task-73dp,,2794936,5bf300a7ac0f0d000180a247,773858,,complete,,5d26046ebc6de30001a73aa0,computer,Desktop or Laptop,Windows 10,Chrome 75.0.3770.100,1366x768,1366x663,after questionnairs,AMI_Prescreen,2,High to Low,after consent,after demographics,after training,after fishing,after questionnairs,AMI_accept,,,1.9473684210526316
8,1562772790346,10/07/2019 15:33:10,1562772790303,2,10/07/2019 17:33:10,8835,5,task-73dp,,2794936,5bf300a7ac0f0d000180a247,773858,,complete,,5d26046ebc6de30001a73aa0,computer,Desktop or Laptop,Windows 10,Chrome 75.0.3770.100,1366x768,1366x663,after questionnairs,AMI_Prescreen,2,High to Low,after consent,after demographics,after training,after fishing,after questionnairs,AMI_accept,,,1.9473684210526316
1,1562774627099,10/07/2019 16:03:47,1562774627050,1,10/07/2019 17:03:47,8835,5,task-73dp,,2795257,586eb256a763c900011d97d0,773951,,complete,,5d260c1065a5c20017939e8c,computer,Desktop or Laptop,Windows 10,Chrome 75.0.3770.100,1920x1080,1920x941,after questionnairs,AMI_Prescreen,2,High to Low,after consent,after demographics,after training,after fishing,after questionnairs,AMI_accept,"{""Q0"":""Quite true"",""Q1"":""Mostly untrue"",""Q2"":""Mostly untrue"",""Q3"":""Quite true"",""Q4"":""Mostly untrue"",""Q5"":""Mostly untrue""}",24130.195000005187,
2,1562774627286,10/07/2019 16:03:47,1562774627068,1,10/07/2019 17:03:47,8835,5,task-73dp,,2795257,586eb256a763c900011d97d0,773951,,complete,,5d260c1065a5c20017939e8c,computer,Desktop or Laptop,Windows 10,Chrome 75.0.3770.100,1920x1080,1920x941,after questionnairs,AMI_Prescreen,2,High to Low,after consent,after demographics,after training,after fishing,after questionnairs,AMI_accept,,,
3,1562774664105,10/07/2019 16:04:24,1562774664107,1,10/07/2019 17:04:24,8835,5,task-73dp,,2795257,586eb256a763c900011d97d0,773951,,complete,,5d260c1065a5c20017939e8c,computer,Desktop or Laptop,Windows 10,Chrome 75.0.3770.100,1920x1080,1920x941,after questionnairs,AMI_Prescreen,2,High to Low,after consent,after demographics,after training,after fishing,after questionnairs,AMI_accept,"{""Q0"":""Neither true nor untrue"",""Q1"":""Neither true nor untrue"",""Q2"":""Mostly untrue"",""Q3"":""Mostly untrue"",""Q4"":""Neither true nor untrue"",""Q5"":""Neither true nor untrue"",""Q6"":""Mostly untrue""}",37026.05499999481,
4,1562774664198,10/07/2019 16:04:24,1562774664111,1,10/07/2019 17:04:24,8835,5,task-73dp,,2795257,586eb256a763c900011d97d0,773951,,complete,,5d260c1065a5c20017939e8c,computer,Desktop or Laptop,Windows 10,Chrome 75.0.3770.100,1920x1080,1920x941,after questionnairs,AMI_Prescreen,2,High to Low,after consent,after demographics,after training,after fishing,after questionnairs,AMI_accept,,,
5,1562774684668,10/07/2019 16:04:44,1562774684590,1,10/07/2019 17:04:44,8835,5,task-73dp,,2795257,586eb256a763c900011d97d0,773951,,complete,,5d260c1065a5c20017939e8c,computer,Desktop or Laptop,Windows 10,Chrome 75.0.3770.100,1920x1080,1920x941,after questionnairs,AMI_Prescreen,2,High to Low,after consent,after demographics,after training,after fishing,after questionnairs,AMI_accept,"{""Q0"":""Mostly untrue"",""Q1"":""Mostly untrue"",""Q2"":""Completely UNTRUE"",""Q3"":""Neither true nor untrue"",""Q4"":""Quite true"",""Q5"":""Neither true nor untrue""}",20467.35500000068,
6,1562774684746,10/07/2019 16:04:44,1562774684595,1,10/07/2019 17:04:44,8835,5,task-73dp,,2795257,586eb256a763c900011d97d0,773951,,complete,,5d260c1065a5c20017939e8c,computer,Desktop or Laptop,Windows 10,Chrome 75.0.3770.100,1920x1080,1920x941,after questionnairs,AMI_Prescreen,2,High to Low,after consent,after demographics,after training,after fishing,after questionnairs,AMI_accept,,,2.4210526315789473
7,1562774684746,10/07/2019 16:04:44,1562774684595,1,10/07/2019 17:04:44,8835,5,task-73dp,,2795257,586eb256a763c900011d97d0,773951,,complete,,5d260c1065a5c20017939e8c,computer,Desktop or Laptop,Windows 10,Chrome 75.0.3770.100,1920x1080,1920x941,after questionnairs,AMI_Prescreen,2,High to Low,after consent,after demographics,after training,after fishing,after questionnairs,AMI_accept,,,2.4210526315789473
8,1562774684746,10/07/2019 16:04:44,1562774684598,1,10/07/2019 17:04:44,8835,5,task-73dp,,2795257,586eb256a763c900011d97d0,773951,,complete,,5d260c1065a5c20017939e8c,computer,Desktop or Laptop,Windows 10,Chrome 75.0.3770.100,1920x1080,1920x941,after questionnairs,AMI_Prescreen,2,High to Low,after consent,after demographics,after training,after fishing,after questionnairs,AMI_accept,,,2.4210526315789473
1,1562777261359,10/07/2019 16:47:41,1562777261137,2,10/07/2019 18:47:41,8835,5,task-73dp,,2796106,5b5ca33f295c4b0001c294d0,774133,,complete,,5d2615f53f78ec001ba0777f,computer,Desktop or Laptop,Windows 7,Chrome 75.0.3770.100,1366x768,1366x625,after questionnairs,AMI_Prescreen,2,Low to High,after consent,after demographics,after training,after fishing,after questionnairs,AMI_accept,"{""Q0"":""Quite true"",""Q1"":""Completely UNTRUE"",""Q2"":""Mostly untrue"",""Q3"":""Mostly untrue"",""Q4"":""Neither true nor untrue"",""Q5"":""Quite true""}",25259.564999999384,
2,1562777261546,10/07/2019 16:47:41,1562777261164,2,10/07/2019 18:47:41,8835,5,task-73dp,,2796106,5b5ca33f295c4b0001c294d0,774133,,complete,,5d2615f53f78ec001ba0777f,computer,Desktop or Laptop,Windows 7,Chrome 75.0.3770.100,1366x768,1366x625,after questionnairs,AMI_Prescreen,2,Low to High,after consent,after demographics,after training,after fishing,after questionnairs,AMI_accept,,,
3,1562777396063,10/07/2019 16:49:56,1562777324338,2,10/07/2019 18:48:44,8835,5,task-73dp,,2796106,5b5ca33f295c4b0001c294d0,774133,,complete,,5d2615f53f78ec001ba0777f,computer,Desktop or Laptop,Windows 7,Chrome 75.0.3770.100,1366x768,1366x625,after questionnairs,AMI_Prescreen,2,Low to High,after consent,after demographics,after training,after fishing,after questionnairs,AMI_accept,"{""Q0"":""Quite true"",""Q1"":""Mostly untrue"",""Q2"":""Mostly untrue"",""Q3"":""Quite true"",""Q4"":""Mostly untrue"",""Q5"":""Mostly untrue"",""Q6"":""Mostly untrue""}",63157.860000000255,2.4210526315789473
4,1562777396063,10/07/2019 16:49:56,1562777324344,2,10/07/2019 18:48:44,8835,5,task-73dp,,2796106,5b5ca33f295c4b0001c294d0,774133,,complete,,5d2615f53f78ec001ba0777f,computer,Desktop or Laptop,Windows 7,Chrome 75.0.3770.100,1366x768,1366x625,after questionnairs,AMI_Prescreen,2,Low to High,after consent,after demographics,after training,after fishing,after questionnairs,AMI_accept,,,2.4210526315789473
5,1562777396063,10/07/2019 16:49:56,1562777347455,2,10/07/2019 18:49:07,8835,5,task-73dp,,2796106,5b5ca33f295c4b0001c294d0,774133,,complete,,5d2615f53f78ec001ba0777f,computer,Desktop or Laptop,Windows 7,Chrome 75.0.3770.100,1366x768,1366x625,after questionnairs,AMI_Prescreen,2,Low to High,after consent,after demographics,after training,after fishing,after questionnairs,AMI_accept,"{""Q0"":""Mostly untrue"",""Q1"":""Completely UNTRUE"",""Q2"":""Mostly untrue"",""Q3"":""Quite true"",""Q4"":""Neither true nor untrue"",""Q5"":""Neither true nor untrue""}",23087.57000000059,2.4210526315789473
6,1562777396063,10/07/2019 16:49:56,1562777347459,2,10/07/2019 18:49:07,8835,5,task-73dp,,2796106,5b5ca33f295c4b0001c294d0,774133,,complete,,5d2615f53f78ec001ba0777f,computer,Desktop or Laptop,Windows 7,Chrome 75.0.3770.100,1366x768,1366x625,after questionnairs,AMI_Prescreen,2,Low to High,after consent,after demographics,after training,after fishing,after questionnairs,AMI_accept,,,2.4210526315789473
7,1562777396063,10/07/2019 16:49:56,1562777347460,2,10/07/2019 18:49:07,8835,5,task-73dp,,2796106,5b5ca33f295c4b0001c294d0,774133,,complete,,5d2615f53f78ec001ba0777f,computer,Desktop or Laptop,Windows 7,Chrome 75.0.3770.100,1366x768,1366x625,after questionnairs,AMI_Prescreen,2,Low to High,after consent,after demographics,after training,after fishing,after questionnairs,AMI_accept,,,2.4210526315789473
8,1562777396063,10/07/2019 16:49:56,1562777347462,2,10/07/2019 18:49:07,8835,5,task-73dp,,2796106,5b5ca33f295c4b0001c294d0,774133,,complete,,5d2615f53f78ec001ba0777f,computer,Desktop or Laptop,Windows 7,Chrome 75.0.3770.100,1366x768,1366x625,after questionnairs,AMI_Prescreen,2,Low to High,after consent,after demographics,after training,after fishing,after questionnairs,AMI_accept,,,2.4210526315789473
9,1562777423691,10/07/2019 16:50:23,1562777423572,2,10/07/2019 18:50:23,8835,5,task-73dp,,2796106,5b5ca33f295c4b0001c294d0,774133,,complete,,5d2615f53f78ec001ba0777f,computer,Desktop or Laptop,Windows 7,Chrome 75.0.3770.100,1366x768,1366x625,after questionnairs,AMI_Prescreen,2,Low to High,after consent,after demographics,after training,after fishing,after questionnairs,AMI_accept,"{""Q0"":""Quite true"",""Q1"":""Completely UNTRUE"",""Q2"":""Neither true nor untrue"",""Q3"":""Neither true nor untrue"",""Q4"":""Mostly untrue"",""Q5"":""Neither true nor untrue""}",27167.489999999816,
10,1562777423847,10/07/2019 16:50:23,1562777423583,2,10/07/2019 18:50:23,8835,5,task-73dp,,2796106,5b5ca33f295c4b0001c294d0,774133,,complete,,5d2615f53f78ec001ba0777f,computer,Desktop or Laptop,Windows 7,Chrome 75.0.3770.100,1366x768,1366x625,after questionnairs,AMI_Prescreen,2,Low to High,after consent,after demographics,after training,after fishing,after questionnairs,AMI_accept,,,
11,1562777460300,10/07/2019 16:51:00,1562777460104,2,10/07/2019 18:51:00,8835,5,task-73dp,,2796106,5b5ca33f295c4b0001c294d0,774133,,complete,,5d2615f53f78ec001ba0777f,computer,Desktop or Laptop,Windows 7,Chrome 75.0.3770.100,1366x768,1366x625,after questionnairs,AMI_Prescreen,2,Low to High,after consent,after demographics,after training,after fishing,after questionnairs,AMI_accept,"{""Q0"":""Quite true"",""Q1"":""Mostly untrue"",""Q2"":""Mostly untrue"",""Q3"":""Neither true nor untrue"",""Q4"":""Mostly untrue"",""Q5"":""Quite true"",""Q6"":""Mostly untrue""}",36492.07999999998,
12,1562777460429,10/07/2019 16:51:00,1562777460109,2,10/07/2019 18:51:00,8835,5,task-73dp,,2796106,5b5ca33f295c4b0001c294d0,774133,,complete,,5d2615f53f78ec001ba0777f,computer,Desktop or Laptop,Windows 7,Chrome 75.0.3770.100,1366x768,1366x625,after questionnairs,AMI_Prescreen,2,Low to High,after consent,after demographics,after training,after fishing,after questionnairs,AMI_accept,,,
13,1562777475944,10/07/2019 16:51:15,1562777475748,2,10/07/2019 18:51:15,8835,5,task-73dp,,2796106,5b5ca33f295c4b0001c294d0,774133,,complete,,5d2615f53f78ec001ba0777f,computer,Desktop or Laptop,Windows 7,Chrome 75.0.3770.100,1366x768,1366x625,after questionnairs,AMI_Prescreen,2,Low to High,after consent,after demographics,after training,after fishing,after questionnairs,AMI_accept,"{""Q0"":""Quite true"",""Q1"":""Completely UNTRUE"",""Q2"":""Mostly untrue"",""Q3"":""Quite true"",""Q4"":""Quite true"",""Q5"":""Neither true nor untrue""}",15615.329999999638,
14,1562777476082,10/07/2019 16:51:16,1562777475753,2,10/07/2019 18:51:15,8835,5,task-73dp,,2796106,5b5ca33f295c4b0001c294d0,774133,,complete,,5d2615f53f78ec001ba0777f,computer,Desktop or Laptop,Windows 7,Chrome 75.0.3770.100,1366x768,1366x625,after questionnairs,AMI_Prescreen,2,Low to High,after consent,after demographics,after training,after fishing,after questionnairs,AMI_accept,,,2.210526315789474
15,1562777476082,10/07/2019 16:51:16,1562777475754,2,10/07/2019 18:51:15,8835,5,task-73dp,,2796106,5b5ca33f295c4b0001c294d0,774133,,complete,,5d2615f53f78ec001ba0777f,computer,Desktop or Laptop,Windows 7,Chrome 75.0.3770.100,1366x768,1366x625,after questionnairs,AMI_Prescreen,2,Low to High,after consent,after demographics,after training,after fishing,after questionnairs,AMI_accept,,,2.210526315789474
16,1562777476082,10/07/2019 16:51:16,1562777475757,2,10/07/2019 18:51:15,8835,5,task-73dp,,2796106,5b5ca33f295c4b0001c294d0,774133,,complete,,5d2615f53f78ec001ba0777f,computer,Desktop or Laptop,Windows 7,Chrome 75.0.3770.100,1366x768,1366x625,after questionnairs,AMI_Prescreen,2,Low to High,after consent,after demographics,after training,after fishing,after questionnairs,AMI_accept,,,2.210526315789474
1,1562777321188,10/07/2019 16:48:41,1562777321826,1,10/07/2019 17:48:41,8835,5,task-73dp,,2796161,54762f9efdf99b05557e04be,774153,,complete,,5d2616a3c4d71e00190d081c,computer,Desktop or Laptop,Windows 10,Chrome 75.0.3770.100,1920x1080,1920x937,after questionnairs,AMI_Prescreen,2,Low to High,after consent,after demographics,after training,after fishing,after questionnairs,AMI_accept,"{""Q0"":""Neither true nor untrue"",""Q1"":""Mostly untrue"",""Q2"":""Mostly untrue"",""Q3"":""Neither true nor untrue"",""Q4"":""Quite true"",""Q5"":""Mostly untrue""}",15747.11999995634,
2,1562777321332,10/07/2019 16:48:41,1562777321840,1,10/07/2019 17:48:41,8835,5,task-73dp,,2796161,54762f9efdf99b05557e04be,774153,,complete,,5d2616a3c4d71e00190d081c,computer,Desktop or Laptop,Windows 10,Chrome 75.0.3770.100,1920x1080,1920x937,after questionnairs,AMI_Prescreen,2,Low to High,after consent,after demographics,after training,after fishing,after questionnairs,AMI_accept,,,
3,1562777340219,10/07/2019 16:49:00,1562777340924,1,10/07/2019 17:49:00,8835,5,task-73dp,,2796161,54762f9efdf99b05557e04be,774153,,complete,,5d2616a3c4d71e00190d081c,computer,Desktop or Laptop,Windows 10,Chrome 75.0.3770.100,1920x1080,1920x937,after questionnairs,AMI_Prescreen,2,Low to High,after consent,after demographics,after training,after fishing,after questionnairs,AMI_accept,"{""Q0"":""Quite true"",""Q1"":""Mostly untrue"",""Q2"":""Quite true"",""Q3"":""Mostly untrue"",""Q4"":""Quite true"",""Q5"":""Quite true"",""Q6"":""Mostly untrue""}",19076.005000039004,
4,1562777340282,10/07/2019 16:49:00,1562777340937,1,10/07/2019 17:49:00,8835,5,task-73dp,,2796161,54762f9efdf99b05557e04be,774153,,complete,,5d2616a3c4d71e00190d081c,computer,Desktop or Laptop,Windows 10,Chrome 75.0.3770.100,1920x1080,1920x937,after questionnairs,AMI_Prescreen,2,Low to High,after consent,after demographics,after training,after fishing,after questionnairs,AMI_accept,,,
5,1562777358438,10/07/2019 16:49:18,1562777359147,1,10/07/2019 17:49:19,8835,5,task-73dp,,2796161,54762f9efdf99b05557e04be,774153,,complete,,5d2616a3c4d71e00190d081c,computer,Desktop or Laptop,Windows 10,Chrome 75.0.3770.100,1920x1080,1920x937,after questionnairs,AMI_Prescreen,2,Low to High,after consent,after demographics,after training,after fishing,after questionnairs,AMI_accept,"{""Q0"":""Neither true nor untrue"",""Q1"":""Mostly untrue"",""Q2"":""Neither true nor untrue"",""Q3"":""Neither true nor untrue"",""Q4"":""Quite true"",""Q5"":""Neither true nor untrue""}",18204.254999989644,
6,1562777358517,10/07/2019 16:49:18,1562777359159,1,10/07/2019 17:49:19,8835,5,task-73dp,,2796161,54762f9efdf99b05557e04be,774153,,complete,,5d2616a3c4d71e00190d081c,computer,Desktop or Laptop,Windows 10,Chrome 75.0.3770.100,1920x1080,1920x937,after questionnairs,AMI_Prescreen,2,Low to High,after consent,after demographics,after training,after fishing,after questionnairs,AMI_accept,,,2.0526315789473686
7,1562777358517,10/07/2019 16:49:18,1562777359160,1,10/07/2019 17:49:19,8835,5,task-73dp,,2796161,54762f9efdf99b05557e04be,774153,,complete,,5d2616a3c4d71e00190d081c,computer,Desktop or Laptop,Windows 10,Chrome 75.0.3770.100,1920x1080,1920x937,after questionnairs,AMI_Prescreen,2,Low to High,after consent,after demographics,after training,after fishing,after questionnairs,AMI_accept,,,2.0526315789473686
8,1562777358517,10/07/2019 16:49:18,1562777359160,1,10/07/2019 17:49:19,8835,5,task-73dp,,2796161,54762f9efdf99b05557e04be,774153,,complete,,5d2616a3c4d71e00190d081c,computer,Desktop or Laptop,Windows 10,Chrome 75.0.3770.100,1920x1080,1920x937,after questionnairs,AMI_Prescreen,2,Low to High,after consent,after demographics,after training,after fishing,after questionnairs,AMI_accept,,,2.0526315789473686
1,1562777677664,10/07/2019 16:54:37,1562777675049,3,10/07/2019 19:54:35,8835,5,task-73dp,,2796321,5c9d4168368fa2001578c7a6,774164,,complete,,5d2615a6992db9000189c552,computer,Desktop or Laptop,Windows 10,Chrome 75.0.3770.100,1920x1080,1920x937,after questionnairs,AMI_Prescreen,2,Low to High,after consent,after demographics,after training,after fishing,after questionnairs,AMI_accept,"{""Q0"":""Mostly untrue"",""Q1"":""Quite true"",""Q2"":""Neither true nor untrue"",""Q3"":""Mostly untrue"",""Q4"":""Quite true"",""Q5"":""Mostly untrue""}",51682.64500005171,
2,1562777677774,10/07/2019 16:54:37,1562777675071,3,10/07/2019 19:54:35,8835,5,task-73dp,,2796321,5c9d4168368fa2001578c7a6,774164,,complete,,5d2615a6992db9000189c552,computer,Desktop or Laptop,Windows 10,Chrome 75.0.3770.100,1920x1080,1920x937,after questionnairs,AMI_Prescreen,2,Low to High,after consent,after demographics,after training,after fishing,after questionnairs,AMI_accept,,,
3,1562777734761,10/07/2019 16:55:34,1562777732176,3,10/07/2019 19:55:32,8835,5,task-73dp,,2796321,5c9d4168368fa2001578c7a6,774164,,complete,,5d2615a6992db9000189c552,computer,Desktop or Laptop,Windows 10,Chrome 75.0.3770.100,1920x1080,1920x937,after questionnairs,AMI_Prescreen,2,Low to High,after consent,after demographics,after training,after fishing,after questionnairs,AMI_accept,"{""Q0"":""Neither true nor untrue"",""Q1"":""Completely UNTRUE"",""Q2"":""Mostly untrue"",""Q3"":""Mostly untrue"",""Q4"":""Neither true nor untrue"",""Q5"":""Quite true"",""Q6"":""Mostly untrue""}",57086.48499997798,
4,1562777734839,10/07/2019 16:55:34,1562777732183,3,10/07/2019 19:55:32,8835,5,task-73dp,,2796321,5c9d4168368fa2001578c7a6,774164,,complete,,5d2615a6992db9000189c552,computer,Desktop or Laptop,Windows 10,Chrome 75.0.3770.100,1920x1080,1920x937,after questionnairs,AMI_Prescreen,2,Low to High,after consent,after demographics,after training,after fishing,after questionnairs,AMI_accept,,,
5,1562777789667,10/07/2019 16:56:29,1562777787105,3,10/07/2019 19:56:27,8835,5,task-73dp,,2796321,5c9d4168368fa2001578c7a6,774164,,complete,,5d2615a6992db9000189c552,computer,Desktop or Laptop,Windows 10,Chrome 75.0.3770.100,1920x1080,1920x937,after questionnairs,AMI_Prescreen,2,Low to High,after consent,after demographics,after training,after fishing,after questionnairs,AMI_accept,"{""Q0"":""Mostly untrue"",""Q1"":""Quite true"",""Q2"":""Neither true nor untrue"",""Q3"":""Quite true"",""Q4"":""Mostly untrue"",""Q5"":""Mostly untrue""}",54912.93999995105,
6,1562777789792,10/07/2019 16:56:29,1562777787113,3,10/07/2019 19:56:27,8835,5,task-73dp,,2796321,5c9d4168368fa2001578c7a6,774164,,complete,,5d2615a6992db9000189c552,computer,Desktop or Laptop,Windows 10,Chrome 75.0.3770.100,1920x1080,1920x937,after questionnairs,AMI_Prescreen,2,Low to High,after consent,after demographics,after training,after fishing,after questionnairs,AMI_accept,,,2.3157894736842106
7,1562777789792,10/07/2019 16:56:29,1562777787113,3,10/07/2019 19:56:27,8835,5,task-73dp,,2796321,5c9d4168368fa2001578c7a6,774164,,complete,,5d2615a6992db9000189c552,computer,Desktop or Laptop,Windows 10,Chrome 75.0.3770.100,1920x1080,1920x937,after questionnairs,AMI_Prescreen,2,Low to High,after consent,after demographics,after training,after fishing,after questionnairs,AMI_accept,,,2.3157894736842106
8,1562777789792,10/07/2019 16:56:29,1562777787115,3,10/07/2019 19:56:27,8835,5,task-73dp,,2796321,5c9d4168368fa2001578c7a6,774164,,complete,,5d2615a6992db9000189c552,computer,Desktop or Laptop,Windows 10,Chrome 75.0.3770.100,1920x1080,1920x937,after questionnairs,AMI_Prescreen,2,Low to High,after consent,after demographics,after training,after fishing,after questionnairs,AMI_accept,,,2.3157894736842106
1,1562781024734,10/07/2019 17:50:24,1562781023568,1,10/07/2019 18:50:23,8835,5,task-73dp,,2796560,5d1770db8992b3000156d222,774222,,complete,,5d2624d98352f000013bc296,computer,Desktop or Laptop,Windows 7,Chrome 75.0.3770.100,1920x1200,1920x1057,after questionnairs,AMI_Prescreen,2,Low to High,after consent,after demographics,after training,after fishing,after questionnairs,AMI_accept,"{""Q0"":""Quite true"",""Q1"":""Neither true nor untrue"",""Q2"":""Mostly untrue"",""Q3"":""Neither true nor untrue"",""Q4"":""Neither true nor untrue"",""Q5"":""Mostly untrue""}",25168.08500001207,
2,1562781024811,10/07/2019 17:50:24,1562781023603,1,10/07/2019 18:50:23,8835,5,task-73dp,,2796560,5d1770db8992b3000156d222,774222,,complete,,5d2624d98352f000013bc296,computer,Desktop or Laptop,Windows 7,Chrome 75.0.3770.100,1920x1200,1920x1057,after questionnairs,AMI_Prescreen,2,Low to High,after consent,after demographics,after training,after fishing,after questionnairs,AMI_accept,,,
3,1562781062625,10/07/2019 17:51:02,1562781061518,1,10/07/2019 18:51:01,8835,5,task-73dp,,2796560,5d1770db8992b3000156d222,774222,,complete,,5d2624d98352f000013bc296,computer,Desktop or Laptop,Windows 7,Chrome 75.0.3770.100,1920x1200,1920x1057,after questionnairs,AMI_Prescreen,2,Low to High,after consent,after demographics,after training,after fishing,after questionnairs,AMI_accept,"{""Q0"":""Neither true nor untrue"",""Q1"":""Mostly untrue"",""Q2"":""Mostly untrue"",""Q3"":""Neither true nor untrue"",""Q4"":""Neither true nor untrue"",""Q5"":""Quite true"",""Q6"":""Mostly untrue""}",37901.29500001785,
4,1562781062717,10/07/2019 17:51:02,1562781061556,1,10/07/2019 18:51:01,8835,5,task-73dp,,2796560,5d1770db8992b3000156d222,774222,,complete,,5d2624d98352f000013bc296,computer,Desktop or Laptop,Windows 7,Chrome 75.0.3770.100,1920x1200,1920x1057,after questionnairs,AMI_Prescreen,2,Low to High,after consent,after demographics,after training,after fishing,after questionnairs,AMI_accept,,,
5,1562781083670,10/07/2019 17:51:23,1562781082575,1,10/07/2019 18:51:22,8835,5,task-73dp,,2796560,5d1770db8992b3000156d222,774222,,complete,,5d2624d98352f000013bc296,computer,Desktop or Laptop,Windows 7,Chrome 75.0.3770.100,1920x1200,1920x1057,after questionnairs,AMI_Prescreen,2,Low to High,after consent,after demographics,after training,after fishing,after questionnairs,AMI_accept,"{""Q0"":""Quite true"",""Q1"":""Quite true"",""Q2"":""Mostly untrue"",""Q3"":""Neither true nor untrue"",""Q4"":""Quite true"",""Q5"":""Quite true""}",21120.03000002005,
6,1562781083733,10/07/2019 17:51:23,1562781082594,1,10/07/2019 18:51:22,8835,5,task-73dp,,2796560,5d1770db8992b3000156d222,774222,,complete,,5d2624d98352f000013bc296,computer,Desktop or Laptop,Windows 7,Chrome 75.0.3770.100,1920x1200,1920x1057,after questionnairs,AMI_Prescreen,2,Low to High,after consent,after demographics,after training,after fishing,after questionnairs,AMI_accept,,,2
7,1562781083733,10/07/2019 17:51:23,1562781082594,1,10/07/2019 18:51:22,8835,5,task-73dp,,2796560,5d1770db8992b3000156d222,774222,,complete,,5d2624d98352f000013bc296,computer,Desktop or Laptop,Windows 7,Chrome 75.0.3770.100,1920x1200,1920x1057,after questionnairs,AMI_Prescreen,2,Low to High,after consent,after demographics,after training,after fishing,after questionnairs,AMI_accept,,,2
8,1562781083733,10/07/2019 17:51:23,1562781082595,1,10/07/2019 18:51:22,8835,5,task-73dp,,2796560,5d1770db8992b3000156d222,774222,,complete,,5d2624d98352f000013bc296,computer,Desktop or Laptop,Windows 7,Chrome 75.0.3770.100,1920x1200,1920x1057,after questionnairs,AMI_Prescreen,2,Low to High,after consent,after demographics,after training,after fishing,after questionnairs,AMI_accept,,,2
1,1562782219205,10/07/2019 18:10:19,1562782219049,1,10/07/2019 19:10:19,8835,5,task-73dp,,2796636,5a95887035237b0001125dfe,774240,,complete,,5d262977b28f470017f02277,computer,Desktop or Laptop,Windows 10,Chrome 75.0.3770.100,2560x1440,2560x1298,after questionnairs,AMI_Prescreen,2,High to Low,after consent,after demographics,after training,after fishing,after questionnairs,AMI_accept,"{""Q0"":""Mostly untrue"",""Q1"":""Completely TRUE"",""Q2"":""Neither true nor untrue"",""Q3"":""Neither true nor untrue"",""Q4"":""Quite true"",""Q5"":""Completely UNTRUE""}",26131.62000000011,
2,1562782219298,10/07/2019 18:10:19,1562782219064,1,10/07/2019 19:10:19,8835,5,task-73dp,,2796636,5a95887035237b0001125dfe,774240,,complete,,5d262977b28f470017f02277,computer,Desktop or Laptop,Windows 10,Chrome 75.0.3770.100,2560x1440,2560x1298,after questionnairs,AMI_Prescreen,2,High to Low,after consent,after demographics,after training,after fishing,after questionnairs,AMI_accept,,,
3,1562782298087,10/07/2019 18:11:38,1562782298018,1,10/07/2019 19:11:38,8835,5,task-73dp,,2796636,5a95887035237b0001125dfe,774240,,complete,,5d262977b28f470017f02277,computer,Desktop or Laptop,Windows 10,Chrome 75.0.3770.100,2560x1440,2560x1298,after questionnairs,AMI_Prescreen,2,High to Low,after consent,after demographics,after training,after fishing,after questionnairs,AMI_accept,"{""Q0"":""Mostly untrue"",""Q1"":""Neither true nor untrue"",""Q2"":""Quite true"",""Q3"":""Quite true"",""Q4"":""Quite true"",""Q5"":""Quite true"",""Q6"":""Mostly untrue""}",78947.11499999903,
4,1562782298165,10/07/2019 18:11:38,1562782298025,1,10/07/2019 19:11:38,8835,5,task-73dp,,2796636,5a95887035237b0001125dfe,774240,,complete,,5d262977b28f470017f02277,computer,Desktop or Laptop,Windows 10,Chrome 75.0.3770.100,2560x1440,2560x1298,after questionnairs,AMI_Prescreen,2,High to Low,after consent,after demographics,after training,after fishing,after questionnairs,AMI_accept,,,
5,1562782329897,10/07/2019 18:12:09,1562782329791,1,10/07/2019 19:12:09,8835,5,task-73dp,,2796636,5a95887035237b0001125dfe,774240,,complete,,5d262977b28f470017f02277,computer,Desktop or Laptop,Windows 10,Chrome 75.0.3770.100,2560x1440,2560x1298,after questionnairs,AMI_Prescreen,2,High to Low,after consent,after demographics,after training,after fishing,after questionnairs,AMI_accept,"{""Q0"":""Completely UNTRUE"",""Q1"":""Quite true"",""Q2"":""Quite true"",""Q3"":""Mostly untrue"",""Q4"":""Neither true nor untrue"",""Q5"":""Completely UNTRUE""}",31759.030000001076,
6,1562782329975,10/07/2019 18:12:09,1562782329799,1,10/07/2019 19:12:09,8835,5,task-73dp,,2796636,5a95887035237b0001125dfe,774240,,complete,,5d262977b28f470017f02277,computer,Desktop or Laptop,Windows 10,Chrome 75.0.3770.100,2560x1440,2560x1298,after questionnairs,AMI_Prescreen,2,High to Low,after consent,after demographics,after training,after fishing,after questionnairs,AMI_accept,,,2.0526315789473686
7,1562782329975,10/07/2019 18:12:09,1562782329800,1,10/07/2019 19:12:09,8835,5,task-73dp,,2796636,5a95887035237b0001125dfe,774240,,complete,,5d262977b28f470017f02277,computer,Desktop or Laptop,Windows 10,Chrome 75.0.3770.100,2560x1440,2560x1298,after questionnairs,AMI_Prescreen,2,High to Low,after consent,after demographics,after training,after fishing,after questionnairs,AMI_accept,,,2.0526315789473686
8,1562782329975,10/07/2019 18:12:09,1562782329801,1,10/07/2019 19:12:09,8835,5,task-73dp,,2796636,5a95887035237b0001125dfe,774240,,complete,,5d262977b28f470017f02277,computer,Desktop or Laptop,Windows 10,Chrome 75.0.3770.100,2560x1440,2560x1298,after questionnairs,AMI_Prescreen,2,High to Low,after consent,after demographics,after training,after fishing,after questionnairs,AMI_accept,,,2.0526315789473686
1,1562782418775,10/07/2019 18:13:38,1562782417857,-4,10/07/2019 14:13:37,8835,5,task-73dp,,2796674,5c3cd0b4486a390001e86330,774245,,complete,,5d2629c0cba1f900011c5d51,computer,Desktop or Laptop,Windows 10,Chrome 75.0.3770.100,1920x1080,1920x937,after questionnairs,AMI_Prescreen,2,High to Low,after consent,after demographics,after training,after fishing,after questionnairs,AMI_accept,"{""Q0"":""Mostly untrue"",""Q1"":""Mostly untrue"",""Q2"":""Mostly untrue"",""Q3"":""Completely UNTRUE"",""Q4"":""Quite true"",""Q5"":""Mostly untrue""}",33194.11499999114,
2,1562782418916,10/07/2019 18:13:38,1562782417866,-4,10/07/2019 14:13:37,8835,5,task-73dp,,2796674,5c3cd0b4486a390001e86330,774245,,complete,,5d2629c0cba1f900011c5d51,computer,Desktop or Laptop,Windows 10,Chrome 75.0.3770.100,1920x1080,1920x937,after questionnairs,AMI_Prescreen,2,High to Low,after consent,after demographics,after training,after fishing,after questionnairs,AMI_accept,,,
3,1562782465596,10/07/2019 18:14:25,1562782464708,-4,10/07/2019 14:14:24,8835,5,task-73dp,,2796674,5c3cd0b4486a390001e86330,774245,,complete,,5d2629c0cba1f900011c5d51,computer,Desktop or Laptop,Windows 10,Chrome 75.0.3770.100,1920x1080,1920x937,after questionnairs,AMI_Prescreen,2,High to Low,after consent,after demographics,after training,after fishing,after questionnairs,AMI_accept,"{""Q0"":""Mostly untrue"",""Q1"":""Completely UNTRUE"",""Q2"":""Quite true"",""Q3"":""Completely UNTRUE"",""Q4"":""Quite true"",""Q5"":""Quite true"",""Q6"":""Mostly untrue""}",46836.29500000097,
4,1562782465704,10/07/2019 18:14:25,1562782464712,-4,10/07/2019 14:14:24,8835,5,task-73dp,,2796674,5c3cd0b4486a390001e86330,774245,,complete,,5d2629c0cba1f900011c5d51,computer,Desktop or Laptop,Windows 10,Chrome 75.0.3770.100,1920x1080,1920x937,after questionnairs,AMI_Prescreen,2,High to Low,after consent,after demographics,after training,after fishing,after questionnairs,AMI_accept,,,
5,1562782526177,10/07/2019 18:15:26,1562782525274,-4,10/07/2019 14:15:25,8835,5,task-73dp,,2796674,5c3cd0b4486a390001e86330,774245,,complete,,5d2629c0cba1f900011c5d51,computer,Desktop or Laptop,Windows 10,Chrome 75.0.3770.100,1920x1080,1920x937,after questionnairs,AMI_Prescreen,2,High to Low,after consent,after demographics,after training,after fishing,after questionnairs,AMI_accept,"{""Q0"":""Mostly untrue"",""Q1"":""Mostly untrue"",""Q2"":""Quite true"",""Q3"":""Neither true nor untrue"",""Q4"":""Completely TRUE"",""Q5"":""Mostly untrue""}",60557.0000000007,
6,1562782526296,10/07/2019 18:15:26,1562782525278,-4,10/07/2019 14:15:25,8835,5,task-73dp,,2796674,5c3cd0b4486a390001e86330,774245,,complete,,5d2629c0cba1f900011c5d51,computer,Desktop or Laptop,Windows 10,Chrome 75.0.3770.100,1920x1080,1920x937,after questionnairs,AMI_Prescreen,2,High to Low,after consent,after demographics,after training,after fishing,after questionnairs,AMI_accept,,,2.4210526315789473
7,1562782526296,10/07/2019 18:15:26,1562782525278,-4,10/07/2019 14:15:25,8835,5,task-73dp,,2796674,5c3cd0b4486a390001e86330,774245,,complete,,5d2629c0cba1f900011c5d51,computer,Desktop or Laptop,Windows 10,Chrome 75.0.3770.100,1920x1080,1920x937,after questionnairs,AMI_Prescreen,2,High to Low,after consent,after demographics,after training,after fishing,after questionnairs,AMI_accept,,,2.4210526315789473
8,1562782526296,10/07/2019 18:15:26,1562782525278,-4,10/07/2019 14:15:25,8835,5,task-73dp,,2796674,5c3cd0b4486a390001e86330,774245,,complete,,5d2629c0cba1f900011c5d51,computer,Desktop or Laptop,Windows 10,Chrome 75.0.3770.100,1920x1080,1920x937,after questionnairs,AMI_Prescreen,2,High to Low,after consent,after demographics,after training,after fishing,after questionnairs,AMI_accept,,,2.4210526315789473
1,1562782611321,10/07/2019 18:16:51,1562782584224,-6,10/07/2019 12:16:24,8835,5,task-73dp,,2796698,5bd781291fd7c80001bb1fad,774256,,complete,,5d2629aeebd0a900169fcb6b,computer,Desktop or Laptop,Windows 8.1,Chrome 75.0.3770.100,1366x768,1366x657,after questionnairs,AMI_Prescreen,2,Low to High,after consent,after demographics,after training,after fishing,after questionnairs,AMI_accept,"{""Q0"":""Neither true nor untrue"",""Q1"":""Completely UNTRUE"",""Q2"":""Mostly untrue"",""Q3"":""Completely UNTRUE"",""Q4"":""Neither true nor untrue"",""Q5"":""Completely TRUE""}",41100.79999999993,
2,1562782611491,10/07/2019 18:16:51,1562782584239,-6,10/07/2019 12:16:24,8835,5,task-73dp,,2796698,5bd781291fd7c80001bb1fad,774256,,complete,,5d2629aeebd0a900169fcb6b,computer,Desktop or Laptop,Windows 8.1,Chrome 75.0.3770.100,1366x768,1366x657,after questionnairs,AMI_Prescreen,2,Low to High,after consent,after demographics,after training,after fishing,after questionnairs,AMI_accept,,,
3,1562782648890,10/07/2019 18:17:28,1562782621822,-6,10/07/2019 12:17:01,8835,5,task-73dp,,2796698,5bd781291fd7c80001bb1fad,774256,,complete,,5d2629aeebd0a900169fcb6b,computer,Desktop or Laptop,Windows 8.1,Chrome 75.0.3770.100,1366x768,1366x657,after questionnairs,AMI_Prescreen,2,Low to High,after consent,after demographics,after training,after fishing,after questionnairs,AMI_accept,"{""Q0"":""Completely TRUE"",""Q1"":""Completely UNTRUE"",""Q2"":""Completely UNTRUE"",""Q3"":""Mostly untrue"",""Q4"":""Neither true nor untrue"",""Q5"":""Completely TRUE"",""Q6"":""Mostly untrue""}",37570.795000000086,
4,1562782649065,10/07/2019 18:17:29,1562782621825,-6,10/07/2019 12:17:01,8835,5,task-73dp,,2796698,5bd781291fd7c80001bb1fad,774256,,complete,,5d2629aeebd0a900169fcb6b,computer,Desktop or Laptop,Windows 8.1,Chrome 75.0.3770.100,1366x768,1366x657,after questionnairs,AMI_Prescreen,2,Low to High,after consent,after demographics,after training,after fishing,after questionnairs,AMI_accept,,,
5,1562782682156,10/07/2019 18:18:02,1562782655086,-6,10/07/2019 12:17:35,8835,5,task-73dp,,2796698,5bd781291fd7c80001bb1fad,774256,,complete,,5d2629aeebd0a900169fcb6b,computer,Desktop or Laptop,Windows 8.1,Chrome 75.0.3770.100,1366x768,1366x657,after questionnairs,AMI_Prescreen,2,Low to High,after consent,after demographics,after training,after fishing,after questionnairs,AMI_accept,"{""Q0"":""Quite true"",""Q1"":""Completely UNTRUE"",""Q2"":""Mostly untrue"",""Q3"":""Quite true"",""Q4"":""Neither true nor untrue"",""Q5"":""Neither true nor untrue""}",33251.385000000024,
6,1562782682313,10/07/2019 18:18:02,1562782655089,-6,10/07/2019 12:17:35,8835,5,task-73dp,,2796698,5bd781291fd7c80001bb1fad,774256,,complete,,5d2629aeebd0a900169fcb6b,computer,Desktop or Laptop,Windows 8.1,Chrome 75.0.3770.100,1366x768,1366x657,after questionnairs,AMI_Prescreen,2,Low to High,after consent,after demographics,after training,after fishing,after questionnairs,AMI_accept,,,2.3157894736842106
7,1562782682313,10/07/2019 18:18:02,1562782655089,-6,10/07/2019 12:17:35,8835,5,task-73dp,,2796698,5bd781291fd7c80001bb1fad,774256,,complete,,5d2629aeebd0a900169fcb6b,computer,Desktop or Laptop,Windows 8.1,Chrome 75.0.3770.100,1366x768,1366x657,after questionnairs,AMI_Prescreen,2,Low to High,after consent,after demographics,after training,after fishing,after questionnairs,AMI_accept,,,2.3157894736842106
8,1562782682313,10/07/2019 18:18:02,1562782655090,-6,10/07/2019 12:17:35,8835,5,task-73dp,,2796698,5bd781291fd7c80001bb1fad,774256,,complete,,5d2629aeebd0a900169fcb6b,computer,Desktop or Laptop,Windows 8.1,Chrome 75.0.3770.100,1366x768,1366x657,after questionnairs,AMI_Prescreen,2,Low to High,after consent,after demographics,after training,after fishing,after questionnairs,AMI_accept,,,2.3157894736842106
1,1562799521342,10/07/2019 22:58:41,1562799521244,1,10/07/2019 23:58:41,8835,5,task-73dp,,2797775,5c56550e54f9d30001db7f50,774543,,complete,,5d266d4d6d044f0017d330a5,computer,Desktop or Laptop,Windows 10,Chrome 75.0.3770.100,1920x1080,1824x977,after questionnairs,AMI_Prescreen,2,High to Low,after consent,after demographics,after training,after fishing,after questionnairs,AMI_accept,"{""Q0"":""Quite true"",""Q1"":""Completely UNTRUE"",""Q2"":""Neither true nor untrue"",""Q3"":""Neither true nor untrue"",""Q4"":""Mostly untrue"",""Q5"":""Quite true""}",18620.630000004894,
2,1562799521452,10/07/2019 22:58:41,1562799521257,1,10/07/2019 23:58:41,8835,5,task-73dp,,2797775,5c56550e54f9d30001db7f50,774543,,complete,,5d266d4d6d044f0017d330a5,computer,Desktop or Laptop,Windows 10,Chrome 75.0.3770.100,1920x1080,1824x977,after questionnairs,AMI_Prescreen,2,High to Low,after consent,after demographics,after training,after fishing,after questionnairs,AMI_accept,,,
3,1562799542884,10/07/2019 22:59:02,1562799542857,1,10/07/2019 23:59:02,8835,5,task-73dp,,2797775,5c56550e54f9d30001db7f50,774543,,complete,,5d266d4d6d044f0017d330a5,computer,Desktop or Laptop,Windows 10,Chrome 75.0.3770.100,1920x1080,1824x977,after questionnairs,AMI_Prescreen,2,High to Low,after consent,after demographics,after training,after fishing,after questionnairs,AMI_accept,"{""Q0"":""Quite true"",""Q1"":""Completely UNTRUE"",""Q2"":""Completely TRUE"",""Q3"":""Neither true nor untrue"",""Q4"":""Quite true"",""Q5"":""Completely TRUE"",""Q6"":""Mostly untrue""}",21587.485000003653,
4,1562799542979,10/07/2019 22:59:02,1562799542860,1,10/07/2019 23:59:02,8835,5,task-73dp,,2797775,5c56550e54f9d30001db7f50,774543,,complete,,5d266d4d6d044f0017d330a5,computer,Desktop or Laptop,Windows 10,Chrome 75.0.3770.100,1920x1080,1824x977,after questionnairs,AMI_Prescreen,2,High to Low,after consent,after demographics,after training,after fishing,after questionnairs,AMI_accept,,,
5,1562799570509,10/07/2019 22:59:30,1562799570474,1,10/07/2019 23:59:30,8835,5,task-73dp,,2797775,5c56550e54f9d30001db7f50,774543,,complete,,5d266d4d6d044f0017d330a5,computer,Desktop or Laptop,Windows 10,Chrome 75.0.3770.100,1920x1080,1824x977,after questionnairs,AMI_Prescreen,2,High to Low,after consent,after demographics,after training,after fishing,after questionnairs,AMI_accept,"{""Q0"":""Mostly untrue"",""Q1"":""Completely UNTRUE"",""Q2"":""Mostly untrue"",""Q3"":""Completely TRUE"",""Q4"":""Quite true"",""Q5"":""Mostly untrue""}",27603.579999995418,
6,1562799570603,10/07/2019 22:59:30,1562799570478,1,10/07/2019 23:59:30,8835,5,task-73dp,,2797775,5c56550e54f9d30001db7f50,774543,,complete,,5d266d4d6d044f0017d330a5,computer,Desktop or Laptop,Windows 10,Chrome 75.0.3770.100,1920x1080,1824x977,after questionnairs,AMI_Prescreen,2,High to Low,after consent,after demographics,after training,after fishing,after questionnairs,AMI_accept,,,2
7,1562799570603,10/07/2019 22:59:30,1562799570479,1,10/07/2019 23:59:30,8835,5,task-73dp,,2797775,5c56550e54f9d30001db7f50,774543,,complete,,5d266d4d6d044f0017d330a5,computer,Desktop or Laptop,Windows 10,Chrome 75.0.3770.100,1920x1080,1824x977,after questionnairs,AMI_Prescreen,2,High to Low,after consent,after demographics,after training,after fishing,after questionnairs,AMI_accept,,,2
8,1562799570603,10/07/2019 22:59:30,1562799570481,1,10/07/2019 23:59:30,8835,5,task-73dp,,2797775,5c56550e54f9d30001db7f50,774543,,complete,,5d266d4d6d044f0017d330a5,computer,Desktop or Laptop,Windows 10,Chrome 75.0.3770.100,1920x1080,1824x977,after questionnairs,AMI_Prescreen,2,High to Low,after consent,after demographics,after training,after fishing,after questionnairs,AMI_accept,,,2
1,1562799576187,10/07/2019 22:59:36,1562799574954,2,11/07/2019 00:59:34,8835,5,task-73dp,,2797783,5c241d69da51990001e23776,774546,,complete,,5d266d73d0021100197f29f5,computer,Desktop or Laptop,Windows 10,Chrome 75.0.3770.100,1920x1080,1920x937,after questionnairs,AMI_Prescreen,2,Low to High,after consent,after demographics,after training,after fishing,after questionnairs,AMI_accept,"{""Q0"":""Mostly untrue"",""Q1"":""Neither true nor untrue"",""Q2"":""Mostly untrue"",""Q3"":""Mostly untrue"",""Q4"":""Quite true"",""Q5"":""Neither true nor untrue""}",30258.824999999888,
2,1562799576311,10/07/2019 22:59:36,1562799574962,2,11/07/2019 00:59:34,8835,5,task-73dp,,2797783,5c241d69da51990001e23776,774546,,complete,,5d266d73d0021100197f29f5,computer,Desktop or Laptop,Windows 10,Chrome 75.0.3770.100,1920x1080,1920x937,after questionnairs,AMI_Prescreen,2,Low to High,after consent,after demographics,after training,after fishing,after questionnairs,AMI_accept,,,
3,1562799609001,10/07/2019 23:00:09,1562799607838,2,11/07/2019 01:00:07,8835,5,task-73dp,,2797783,5c241d69da51990001e23776,774546,,complete,,5d266d73d0021100197f29f5,computer,Desktop or Laptop,Windows 10,Chrome 75.0.3770.100,1920x1080,1920x937,after questionnairs,AMI_Prescreen,2,Low to High,after consent,after demographics,after training,after fishing,after questionnairs,AMI_accept,"{""Q0"":""Neither true nor untrue"",""Q1"":""Mostly untrue"",""Q2"":""Neither true nor untrue"",""Q3"":""Mostly untrue"",""Q4"":""Mostly untrue"",""Q5"":""Neither true nor untrue"",""Q6"":""Mostly untrue""}",32865.00500000011,
4,1562799609111,10/07/2019 23:00:09,1562799607843,2,11/07/2019 01:00:07,8835,5,task-73dp,,2797783,5c241d69da51990001e23776,774546,,complete,,5d266d73d0021100197f29f5,computer,Desktop or Laptop,Windows 10,Chrome 75.0.3770.100,1920x1080,1920x937,after questionnairs,AMI_Prescreen,2,Low to High,after consent,after demographics,after training,after fishing,after questionnairs,AMI_accept,,,
5,1562799644343,10/07/2019 23:00:44,1562799643171,2,11/07/2019 01:00:43,8835,5,task-73dp,,2797783,5c241d69da51990001e23776,774546,,complete,,5d266d73d0021100197f29f5,computer,Desktop or Laptop,Windows 10,Chrome 75.0.3770.100,1920x1080,1920x937,after questionnairs,AMI_Prescreen,2,Low to High,after consent,after demographics,after training,after fishing,after questionnairs,AMI_accept,"{""Q0"":""Neither true nor untrue"",""Q1"":""Mostly untrue"",""Q2"":""Mostly untrue"",""Q3"":""Neither true nor untrue"",""Q4"":""Quite true"",""Q5"":""Mostly untrue""}",35318.06499999993,
6,1562799644469,10/07/2019 23:00:44,1562799643177,2,11/07/2019 01:00:43,8835,5,task-73dp,,2797783,5c241d69da51990001e23776,774546,,complete,,5d266d73d0021100197f29f5,computer,Desktop or Laptop,Windows 10,Chrome 75.0.3770.100,1920x1080,1920x937,after questionnairs,AMI_Prescreen,2,Low to High,after consent,after demographics,after training,after fishing,after questionnairs,AMI_accept,,,2.4210526315789473
7,1562799644469,10/07/2019 23:00:44,1562799643178,2,11/07/2019 01:00:43,8835,5,task-73dp,,2797783,5c241d69da51990001e23776,774546,,complete,,5d266d73d0021100197f29f5,computer,Desktop or Laptop,Windows 10,Chrome 75.0.3770.100,1920x1080,1920x937,after questionnairs,AMI_Prescreen,2,Low to High,after consent,after demographics,after training,after fishing,after questionnairs,AMI_accept,,,2.4210526315789473
8,1562799644469,10/07/2019 23:00:44,1562799643179,2,11/07/2019 01:00:43,8835,5,task-73dp,,2797783,5c241d69da51990001e23776,774546,,complete,,5d266d73d0021100197f29f5,computer,Desktop or Laptop,Windows 10,Chrome 75.0.3770.100,1920x1080,1920x937,after questionnairs,AMI_Prescreen,2,Low to High,after consent,after demographics,after training,after fishing,after questionnairs,AMI_accept,,,2.4210526315789473
1,1562799619679,10/07/2019 23:00:19,1562799621039,-5,10/07/2019 18:00:21,8835,5,task-73dp,,2797795,5c7498dd2082fe0015f4d419,774545,,complete,,5d266d6d5b533b001701d5c9,computer,Desktop or Laptop,Mac OS 10.12.3,Chrome 73.0.3683.103,1280x800,1280x625,after questionnairs,AMI_Prescreen,2,High to Low,after consent,after demographics,after training,after fishing,after questionnairs,AMI_accept,"{""Q0"":""Quite true"",""Q1"":""Completely UNTRUE"",""Q2"":""Completely UNTRUE"",""Q3"":""Neither true nor untrue"",""Q4"":""Mostly untrue"",""Q5"":""Quite true""}",19513.454999774694,
2,1562799619865,10/07/2019 23:00:19,1562799621046,-5,10/07/2019 18:00:21,8835,5,task-73dp,,2797795,5c7498dd2082fe0015f4d419,774545,,complete,,5d266d6d5b533b001701d5c9,computer,Desktop or Laptop,Mac OS 10.12.3,Chrome 73.0.3683.103,1280x800,1280x625,after questionnairs,AMI_Prescreen,2,High to Low,after consent,after demographics,after training,after fishing,after questionnairs,AMI_accept,,,
3,1562799645705,10/07/2019 23:00:45,1562799647131,-5,10/07/2019 18:00:47,8835,5,task-73dp,,2797795,5c7498dd2082fe0015f4d419,774545,,complete,,5d266d6d5b533b001701d5c9,computer,Desktop or Laptop,Mac OS 10.12.3,Chrome 73.0.3683.103,1280x800,1280x625,after questionnairs,AMI_Prescreen,2,High to Low,after consent,after demographics,after training,after fishing,after questionnairs,AMI_accept,"{""Q0"":""Quite true"",""Q1"":""Mostly untrue"",""Q2"":""Quite true"",""Q3"":""Neither true nor untrue"",""Q4"":""Neither true nor untrue"",""Q5"":""Neither true nor untrue"",""Q6"":""Mostly untrue""}",26074.37999965623,
4,1562799645876,10/07/2019 23:00:45,1562799647137,-5,10/07/2019 18:00:47,8835,5,task-73dp,,2797795,5c7498dd2082fe0015f4d419,774545,,complete,,5d266d6d5b533b001701d5c9,computer,Desktop or Laptop,Mac OS 10.12.3,Chrome 73.0.3683.103,1280x800,1280x625,after questionnairs,AMI_Prescreen,2,High to Low,after consent,after demographics,after training,after fishing,after questionnairs,AMI_accept,,,
5,1562799668118,10/07/2019 23:01:08,1562799669584,-5,10/07/2019 18:01:09,8835,5,task-73dp,,2797795,5c7498dd2082fe0015f4d419,774545,,complete,,5d266d6d5b533b001701d5c9,computer,Desktop or Laptop,Mac OS 10.12.3,Chrome 73.0.3683.103,1280x800,1280x625,after questionnairs,AMI_Prescreen,2,High to Low,after consent,after demographics,after training,after fishing,after questionnairs,AMI_accept,"{""Q0"":""Quite true"",""Q1"":""Mostly untrue"",""Q2"":""Mostly untrue"",""Q3"":""Completely TRUE"",""Q4"":""Quite true"",""Q5"":""Quite true""}",22436.935000121593,
6,1562799668291,10/07/2019 23:01:08,1562799669590,-5,10/07/2019 18:01:09,8835,5,task-73dp,,2797795,5c7498dd2082fe0015f4d419,774545,,complete,,5d266d6d5b533b001701d5c9,computer,Desktop or Laptop,Mac OS 10.12.3,Chrome 73.0.3683.103,1280x800,1280x625,after questionnairs,AMI_Prescreen,2,High to Low,after consent,after demographics,after training,after fishing,after questionnairs,AMI_accept,,,2
7,1562799668291,10/07/2019 23:01:08,1562799669590,-5,10/07/2019 18:01:09,8835,5,task-73dp,,2797795,5c7498dd2082fe0015f4d419,774545,,complete,,5d266d6d5b533b001701d5c9,computer,Desktop or Laptop,Mac OS 10.12.3,Chrome 73.0.3683.103,1280x800,1280x625,after questionnairs,AMI_Prescreen,2,High to Low,after consent,after demographics,after training,after fishing,after questionnairs,AMI_accept,,,2
8,1562799668291,10/07/2019 23:01:08,1562799669592,-5,10/07/2019 18:01:09,8835,5,task-73dp,,2797795,5c7498dd2082fe0015f4d419,774545,,complete,,5d266d6d5b533b001701d5c9,computer,Desktop or Laptop,Mac OS 10.12.3,Chrome 73.0.3683.103,1280x800,1280x625,after questionnairs,AMI_Prescreen,2,High to Low,after consent,after demographics,after training,after fishing,after questionnairs,AMI_accept,,,2
1,1562799921420,10/07/2019 23:05:21,1562799922093,-4,10/07/2019 19:05:22,8835,5,task-73dp,,2797825,5bfb362f8386580001ed52bd,774558,,complete,,5d266e6f7aa1bb0015b4e045,computer,Desktop or Laptop,Windows 10,Chrome 75.0.3770.100,1920x1080,1920x937,after questionnairs,AMI_Prescreen,2,Low to High,after consent,after demographics,after training,after fishing,after questionnairs,AMI_accept,"{""Q0"":""Quite true"",""Q1"":""Completely UNTRUE"",""Q2"":""Mostly untrue"",""Q3"":""Neither true nor untrue"",""Q4"":""Mostly untrue"",""Q5"":""Completely TRUE""}",22441.34999999733,
2,1562799921576,10/07/2019 23:05:21,1562799922097,-4,10/07/2019 19:05:22,8835,5,task-73dp,,2797825,5bfb362f8386580001ed52bd,774558,,complete,,5d266e6f7aa1bb0015b4e045,computer,Desktop or Laptop,Windows 10,Chrome 75.0.3770.100,1920x1080,1920x937,after questionnairs,AMI_Prescreen,2,Low to High,after consent,after demographics,after training,after fishing,after questionnairs,AMI_accept,,,
3,1562799948474,10/07/2019 23:05:48,1562799949237,-4,10/07/2019 19:05:49,8835,5,task-73dp,,2797825,5bfb362f8386580001ed52bd,774558,,complete,,5d266e6f7aa1bb0015b4e045,computer,Desktop or Laptop,Windows 10,Chrome 75.0.3770.100,1920x1080,1920x937,after questionnairs,AMI_Prescreen,2,Low to High,after consent,after demographics,after training,after fishing,after questionnairs,AMI_accept,"{""Q0"":""Neither true nor untrue"",""Q1"":""Neither true nor untrue"",""Q2"":""Completely UNTRUE"",""Q3"":""Completely UNTRUE"",""Q4"":""Mostly untrue"",""Q5"":""Neither true nor untrue"",""Q6"":""Mostly untrue""}",27133.02499999918,
4,1562799948614,10/07/2019 23:05:48,1562799949239,-4,10/07/2019 19:05:49,8835,5,task-73dp,,2797825,5bfb362f8386580001ed52bd,774558,,complete,,5d266e6f7aa1bb0015b4e045,computer,Desktop or Laptop,Windows 10,Chrome 75.0.3770.100,1920x1080,1920x937,after questionnairs,AMI_Prescreen,2,Low to High,after consent,after demographics,after training,after fishing,after questionnairs,AMI_accept,,,
5,1562799967739,10/07/2019 23:06:07,1562799968501,-4,10/07/2019 19:06:08,8835,5,task-73dp,,2797825,5bfb362f8386580001ed52bd,774558,,complete,,5d266e6f7aa1bb0015b4e045,computer,Desktop or Laptop,Windows 10,Chrome 75.0.3770.100,1920x1080,1920x937,after questionnairs,AMI_Prescreen,2,Low to High,after consent,after demographics,after training,after fishing,after questionnairs,AMI_accept,"{""Q0"":""Quite true"",""Q1"":""Mostly untrue"",""Q2"":""Neither true nor untrue"",""Q3"":""Neither true nor untrue"",""Q4"":""Quite true"",""Q5"":""Completely TRUE""}",19256.72499999928,
6,1562799967879,10/07/2019 23:06:07,1562799968504,-4,10/07/2019 19:06:08,8835,5,task-73dp,,2797825,5bfb362f8386580001ed52bd,774558,,complete,,5d266e6f7aa1bb0015b4e045,computer,Desktop or Laptop,Windows 10,Chrome 75.0.3770.100,1920x1080,1920x937,after questionnairs,AMI_Prescreen,2,Low to High,after consent,after demographics,after training,after fishing,after questionnairs,AMI_accept,,,2.210526315789474
7,1562799967879,10/07/2019 23:06:07,1562799968504,-4,10/07/2019 19:06:08,8835,5,task-73dp,,2797825,5bfb362f8386580001ed52bd,774558,,complete,,5d266e6f7aa1bb0015b4e045,computer,Desktop or Laptop,Windows 10,Chrome 75.0.3770.100,1920x1080,1920x937,after questionnairs,AMI_Prescreen,2,Low to High,after consent,after demographics,after training,after fishing,after questionnairs,AMI_accept,,,2.210526315789474
8,1562799967879,10/07/2019 23:06:07,1562799968506,-4,10/07/2019 19:06:08,8835,5,task-73dp,,2797825,5bfb362f8386580001ed52bd,774558,,complete,,5d266e6f7aa1bb0015b4e045,computer,Desktop or Laptop,Windows 10,Chrome 75.0.3770.100,1920x1080,1920x937,after questionnairs,AMI_Prescreen,2,Low to High,after consent,after demographics,after training,after fishing,after questionnairs,AMI_accept,,,2.210526315789474
1,1562799935115,10/07/2019 23:05:35,1562799935089,1,11/07/2019 00:05:35,8835,5,task-73dp,,2797829,5ae5e66d3ab2fb0001ef2f3c,774562,,complete,,5d266ee04b1567001517d4a1,computer,Desktop or Laptop,Windows 10,Chrome 75.0.3770.100,1920x1080,1920x937,after questionnairs,AMI_Prescreen,2,High to Low,after consent,after demographics,after training,after fishing,after questionnairs,AMI_accept,"{""Q0"":""Quite true"",""Q1"":""Completely UNTRUE"",""Q2"":""Completely UNTRUE"",""Q3"":""Completely TRUE"",""Q4"":""Mostly untrue"",""Q5"":""Quite true""}",21618.844999997236,
2,1562799935210,10/07/2019 23:05:35,1562799935104,1,11/07/2019 00:05:35,8835,5,task-73dp,,2797829,5ae5e66d3ab2fb0001ef2f3c,774562,,complete,,5d266ee04b1567001517d4a1,computer,Desktop or Laptop,Windows 10,Chrome 75.0.3770.100,1920x1080,1920x937,after questionnairs,AMI_Prescreen,2,High to Low,after consent,after demographics,after training,after fishing,after questionnairs,AMI_accept,,,
3,1562799959414,10/07/2019 23:05:59,1562799959448,1,11/07/2019 00:05:59,8835,5,task-73dp,,2797829,5ae5e66d3ab2fb0001ef2f3c,774562,,complete,,5d266ee04b1567001517d4a1,computer,Desktop or Laptop,Windows 10,Chrome 75.0.3770.100,1920x1080,1920x937,after questionnairs,AMI_Prescreen,2,High to Low,after consent,after demographics,after training,after fishing,after questionnairs,AMI_accept,"{""Q0"":""Completely TRUE"",""Q1"":""Completely UNTRUE"",""Q2"":""Quite true"",""Q3"":""Mostly untrue"",""Q4"":""Quite true"",""Q5"":""Quite true"",""Q6"":""Mostly untrue""}",24334.555000001274,
4,1562799959492,10/07/2019 23:05:59,1562799959453,1,11/07/2019 00:05:59,8835,5,task-73dp,,2797829,5ae5e66d3ab2fb0001ef2f3c,774562,,complete,,5d266ee04b1567001517d4a1,computer,Desktop or Laptop,Windows 10,Chrome 75.0.3770.100,1920x1080,1920x937,after questionnairs,AMI_Prescreen,2,High to Low,after consent,after demographics,after training,after fishing,after questionnairs,AMI_accept,,,
5,1562799984029,10/07/2019 23:06:24,1562799984071,1,11/07/2019 00:06:24,8835,5,task-73dp,,2797829,5ae5e66d3ab2fb0001ef2f3c,774562,,complete,,5d266ee04b1567001517d4a1,computer,Desktop or Laptop,Windows 10,Chrome 75.0.3770.100,1920x1080,1920x937,after questionnairs,AMI_Prescreen,2,High to Low,after consent,after demographics,after training,after fishing,after questionnairs,AMI_accept,"{""Q0"":""Mostly untrue"",""Q1"":""Mostly untrue"",""Q2"":""Quite true"",""Q3"":""Mostly untrue"",""Q4"":""Quite true"",""Q5"":""Quite true""}",24610.33999999927,
6,1562799984123,10/07/2019 23:06:24,1562799984076,1,11/07/2019 00:06:24,8835,5,task-73dp,,2797829,5ae5e66d3ab2fb0001ef2f3c,774562,,complete,,5d266ee04b1567001517d4a1,computer,Desktop or Laptop,Windows 10,Chrome 75.0.3770.100,1920x1080,1920x937,after questionnairs,AMI_Prescreen,2,High to Low,after consent,after demographics,after training,after fishing,after questionnairs,AMI_accept,,,2
7,1562799984123,10/07/2019 23:06:24,1562799984076,1,11/07/2019 00:06:24,8835,5,task-73dp,,2797829,5ae5e66d3ab2fb0001ef2f3c,774562,,complete,,5d266ee04b1567001517d4a1,computer,Desktop or Laptop,Windows 10,Chrome 75.0.3770.100,1920x1080,1920x937,after questionnairs,AMI_Prescreen,2,High to Low,after consent,after demographics,after training,after fishing,after questionnairs,AMI_accept,,,2
8,1562799984123,10/07/2019 23:06:24,1562799984078,1,11/07/2019 00:06:24,8835,5,task-73dp,,2797829,5ae5e66d3ab2fb0001ef2f3c,774562,,complete,,5d266ee04b1567001517d4a1,computer,Desktop or Laptop,Windows 10,Chrome 75.0.3770.100,1920x1080,1920x937,after questionnairs,AMI_Prescreen,2,High to Low,after consent,after demographics,after training,after fishing,after questionnairs,AMI_accept,,,2
1,1562800673466,10/07/2019 23:17:53,1562800673259,3,11/07/2019 02:17:53,8835,5,task-73dp,,2797870,5c17678df2012800012adfa2,774569,,complete,,5d26717251d03e00018b29e9,computer,Desktop or Laptop,Windows 10,Chrome 75.0.3770.100,1920x1080,1920x937,after questionnairs,AMI_Prescreen,2,Low to High,after consent,after demographics,after training,after fishing,after questionnairs,AMI_accept,"{""Q0"":""Mostly untrue"",""Q1"":""Completely UNTRUE"",""Q2"":""Completely UNTRUE"",""Q3"":""Mostly untrue"",""Q4"":""Completely TRUE"",""Q5"":""Completely UNTRUE""}",45216.63500001887,
2,1562800673607,10/07/2019 23:17:53,1562800673270,3,11/07/2019 02:17:53,8835,5,task-73dp,,2797870,5c17678df2012800012adfa2,774569,,complete,,5d26717251d03e00018b29e9,computer,Desktop or Laptop,Windows 10,Chrome 75.0.3770.100,1920x1080,1920x937,after questionnairs,AMI_Prescreen,2,Low to High,after consent,after demographics,after training,after fishing,after questionnairs,AMI_accept,,,
3,1562800687946,10/07/2019 23:18:07,1562800687801,3,11/07/2019 02:18:07,8835,5,task-73dp,,2797870,5c17678df2012800012adfa2,774569,,complete,,5d26717251d03e00018b29e9,computer,Desktop or Laptop,Windows 10,Chrome 75.0.3770.100,1920x1080,1920x937,after questionnairs,AMI_Prescreen,2,Low to High,after consent,after demographics,after training,after fishing,after questionnairs,AMI_accept,"{""Q0"":""Quite true"",""Q1"":""Mostly untrue"",""Q2"":""Neither true nor untrue"",""Q3"":""Quite true"",""Q4"":""Mostly untrue"",""Q5"":""Neither true nor untrue"",""Q6"":""Mostly untrue""}",14524.789999995846,
4,1562800688071,10/07/2019 23:18:08,1562800687804,3,11/07/2019 02:18:07,8835,5,task-73dp,,2797870,5c17678df2012800012adfa2,774569,,complete,,5d26717251d03e00018b29e9,computer,Desktop or Laptop,Windows 10,Chrome 75.0.3770.100,1920x1080,1920x937,after questionnairs,AMI_Prescreen,2,Low to High,after consent,after demographics,after training,after fishing,after questionnairs,AMI_accept,,,
5,1562800698267,10/07/2019 23:18:18,1562800698129,3,11/07/2019 02:18:18,8835,5,task-73dp,,2797870,5c17678df2012800012adfa2,774569,,complete,,5d26717251d03e00018b29e9,computer,Desktop or Laptop,Windows 10,Chrome 75.0.3770.100,1920x1080,1920x937,after questionnairs,AMI_Prescreen,2,Low to High,after consent,after demographics,after training,after fishing,after questionnairs,AMI_accept,"{""Q0"":""Mostly untrue"",""Q1"":""Mostly untrue"",""Q2"":""Neither true nor untrue"",""Q3"":""Mostly untrue"",""Q4"":""Quite true"",""Q5"":""Neither true nor untrue""}",10318.345000006957,
6,1562800698408,10/07/2019 23:18:18,1562800698132,3,11/07/2019 02:18:18,8835,5,task-73dp,,2797870,5c17678df2012800012adfa2,774569,,complete,,5d26717251d03e00018b29e9,computer,Desktop or Laptop,Windows 10,Chrome 75.0.3770.100,1920x1080,1920x937,after questionnairs,AMI_Prescreen,2,Low to High,after consent,after demographics,after training,after fishing,after questionnairs,AMI_accept,,,2.473684210526316
7,1562800698408,10/07/2019 23:18:18,1562800698133,3,11/07/2019 02:18:18,8835,5,task-73dp,,2797870,5c17678df2012800012adfa2,774569,,complete,,5d26717251d03e00018b29e9,computer,Desktop or Laptop,Windows 10,Chrome 75.0.3770.100,1920x1080,1920x937,after questionnairs,AMI_Prescreen,2,Low to High,after consent,after demographics,after training,after fishing,after questionnairs,AMI_accept,,,2.473684210526316
8,1562800698408,10/07/2019 23:18:18,1562800698134,3,11/07/2019 02:18:18,8835,5,task-73dp,,2797870,5c17678df2012800012adfa2,774569,,complete,,5d26717251d03e00018b29e9,computer,Desktop or Laptop,Windows 10,Chrome 75.0.3770.100,1920x1080,1920x937,after questionnairs,AMI_Prescreen,2,Low to High,after consent,after demographics,after training,after fishing,after questionnairs,AMI_accept,,,2.473684210526316
1,1562800671963,10/07/2019 23:17:51,1562800671837,-4,10/07/2019 19:17:51,8835,5,task-73dp,,2797873,5be36f917432c0000189d51c,774571,,complete,,5d267197ba456a0015106ebb,computer,Desktop or Laptop,Mac OS 10.14.5,Chrome 75.0.3770.100,1920x1080,1919x978,after questionnairs,AMI_Prescreen,2,Low to High,after consent,after demographics,after training,after fishing,after questionnairs,AMI_accept,"{""Q0"":""Quite true"",""Q1"":""Completely UNTRUE"",""Q2"":""Mostly untrue"",""Q3"":""Mostly untrue"",""Q4"":""Mostly untrue"",""Q5"":""Quite true""}",24478.059999994002,
2,1562800672119,10/07/2019 23:17:52,1562800671863,-4,10/07/2019 19:17:51,8835,5,task-73dp,,2797873,5be36f917432c0000189d51c,774571,,complete,,5d267197ba456a0015106ebb,computer,Desktop or Laptop,Mac OS 10.14.5,Chrome 75.0.3770.100,1920x1080,1919x978,after questionnairs,AMI_Prescreen,2,Low to High,after consent,after demographics,after training,after fishing,after questionnairs,AMI_accept,,,
3,1562800714764,10/07/2019 23:18:34,1562800714666,-4,10/07/2019 19:18:34,8835,5,task-73dp,,2797873,5be36f917432c0000189d51c,774571,,complete,,5d267197ba456a0015106ebb,computer,Desktop or Laptop,Mac OS 10.14.5,Chrome 75.0.3770.100,1920x1080,1919x978,after questionnairs,AMI_Prescreen,2,Low to High,after consent,after demographics,after training,after fishing,after questionnairs,AMI_accept,"{""Q0"":""Completely TRUE"",""Q1"":""Completely UNTRUE"",""Q2"":""Neither true nor untrue"",""Q3"":""Mostly untrue"",""Q4"":""Neither true nor untrue"",""Q5"":""Mostly untrue"",""Q6"":""Mostly untrue""}",42791.42000002321,
4,1562800714920,10/07/2019 23:18:34,1562800714681,-4,10/07/2019 19:18:34,8835,5,task-73dp,,2797873,5be36f917432c0000189d51c,774571,,complete,,5d267197ba456a0015106ebb,computer,Desktop or Laptop,Mac OS 10.14.5,Chrome 75.0.3770.100,1920x1080,1919x978,after questionnairs,AMI_Prescreen,2,Low to High,after consent,after demographics,after training,after fishing,after questionnairs,AMI_accept,,,
5,1562800748264,10/07/2019 23:19:08,1562800748192,-4,10/07/2019 19:19:08,8835,5,task-73dp,,2797873,5be36f917432c0000189d51c,774571,,complete,,5d267197ba456a0015106ebb,computer,Desktop or Laptop,Mac OS 10.14.5,Chrome 75.0.3770.100,1920x1080,1919x978,after questionnairs,AMI_Prescreen,2,Low to High,after consent,after demographics,after training,after fishing,after questionnairs,AMI_accept,"{""Q0"":""Neither true nor untrue"",""Q1"":""Mostly untrue"",""Q2"":""Mostly untrue"",""Q3"":""Quite true"",""Q4"":""Quite true"",""Q5"":""Neither true nor untrue""}",33499.120000051335,
6,1562800748404,10/07/2019 23:19:08,1562800748208,-4,10/07/2019 19:19:08,8835,5,task-73dp,,2797873,5be36f917432c0000189d51c,774571,,complete,,5d267197ba456a0015106ebb,computer,Desktop or Laptop,Mac OS 10.14.5,Chrome 75.0.3770.100,1920x1080,1919x978,after questionnairs,AMI_Prescreen,2,Low to High,after consent,after demographics,after training,after fishing,after questionnairs,AMI_accept,,,2.3157894736842106
7,1562800748404,10/07/2019 23:19:08,1562800748208,-4,10/07/2019 19:19:08,8835,5,task-73dp,,2797873,5be36f917432c0000189d51c,774571,,complete,,5d267197ba456a0015106ebb,computer,Desktop or Laptop,Mac OS 10.14.5,Chrome 75.0.3770.100,1920x1080,1919x978,after questionnairs,AMI_Prescreen,2,Low to High,after consent,after demographics,after training,after fishing,after questionnairs,AMI_accept,,,2.3157894736842106
8,1562800748404,10/07/2019 23:19:08,1562800748210,-4,10/07/2019 19:19:08,8835,5,task-73dp,,2797873,5be36f917432c0000189d51c,774571,,complete,,5d267197ba456a0015106ebb,computer,Desktop or Laptop,Mac OS 10.14.5,Chrome 75.0.3770.100,1920x1080,1919x978,after questionnairs,AMI_Prescreen,2,Low to High,after consent,after demographics,after training,after fishing,after questionnairs,AMI_accept,,,2.3157894736842106
1,1562800735649,10/07/2019 23:18:55,1562800735521,3,11/07/2019 02:18:55,8835,5,task-73dp,,2797881,5ae0b456dc323f0001635e0b,774572,,complete,,5d2671806dc5bd00198aa4d5,computer,Desktop or Laptop,Windows 10,Chrome 75.0.3770.100,1920x1200,1920x1127,after questionnairs,AMI_Prescreen,2,High to Low,after consent,after demographics,after training,after fishing,after questionnairs,AMI_accept,"{""Q0"":""Quite true"",""Q1"":""Completely UNTRUE"",""Q2"":""Mostly untrue"",""Q3"":""Neither true nor untrue"",""Q4"":""Completely UNTRUE"",""Q5"":""Completely TRUE""}",30469.349999999395,
2,1562800735774,10/07/2019 23:18:55,1562800735538,3,11/07/2019 02:18:55,8835,5,task-73dp,,2797881,5ae0b456dc323f0001635e0b,774572,,complete,,5d2671806dc5bd00198aa4d5,computer,Desktop or Laptop,Windows 10,Chrome 75.0.3770.100,1920x1200,1920x1127,after questionnairs,AMI_Prescreen,2,High to Low,after consent,after demographics,after training,after fishing,after questionnairs,AMI_accept,,,
3,1562800765984,10/07/2019 23:19:25,1562800765871,3,11/07/2019 02:19:25,8835,5,task-73dp,,2797881,5ae0b456dc323f0001635e0b,774572,,complete,,5d2671806dc5bd00198aa4d5,computer,Desktop or Laptop,Windows 10,Chrome 75.0.3770.100,1920x1200,1920x1127,after questionnairs,AMI_Prescreen,2,High to Low,after consent,after demographics,after training,after fishing,after questionnairs,AMI_accept,"{""Q0"":""Quite true"",""Q1"":""Neither true nor untrue"",""Q2"":""Mostly untrue"",""Q3"":""Completely UNTRUE"",""Q4"":""Completely UNTRUE"",""Q5"":""Mostly untrue"",""Q6"":""Mostly untrue""}",30322.58499999807,
4,1562800766093,10/07/2019 23:19:26,1562800765874,3,11/07/2019 02:19:25,8835,5,task-73dp,,2797881,5ae0b456dc323f0001635e0b,774572,,complete,,5d2671806dc5bd00198aa4d5,computer,Desktop or Laptop,Windows 10,Chrome 75.0.3770.100,1920x1200,1920x1127,after questionnairs,AMI_Prescreen,2,High to Low,after consent,after demographics,after training,after fishing,after questionnairs,AMI_accept,,,
5,1562800790299,10/07/2019 23:19:50,1562800790229,3,11/07/2019 02:19:50,8835,5,task-73dp,,2797881,5ae0b456dc323f0001635e0b,774572,,complete,,5d2671806dc5bd00198aa4d5,computer,Desktop or Laptop,Windows 10,Chrome 75.0.3770.100,1920x1200,1920x1127,after questionnairs,AMI_Prescreen,2,High to Low,after consent,after demographics,after training,after fishing,after questionnairs,AMI_accept,"{""Q0"":""Completely TRUE"",""Q1"":""Mostly untrue"",""Q2"":""Completely UNTRUE"",""Q3"":""Neither true nor untrue"",""Q4"":""Neither true nor untrue"",""Q5"":""Completely TRUE""}",24347.344999998313,
6,1562800790409,10/07/2019 23:19:50,1562800790231,3,11/07/2019 02:19:50,8835,5,task-73dp,,2797881,5ae0b456dc323f0001635e0b,774572,,complete,,5d2671806dc5bd00198aa4d5,computer,Desktop or Laptop,Windows 10,Chrome 75.0.3770.100,1920x1200,1920x1127,after questionnairs,AMI_Prescreen,2,High to Low,after consent,after demographics,after training,after fishing,after questionnairs,AMI_accept,,,2.3684210526315788
7,1562800790409,10/07/2019 23:19:50,1562800790232,3,11/07/2019 02:19:50,8835,5,task-73dp,,2797881,5ae0b456dc323f0001635e0b,774572,,complete,,5d2671806dc5bd00198aa4d5,computer,Desktop or Laptop,Windows 10,Chrome 75.0.3770.100,1920x1200,1920x1127,after questionnairs,AMI_Prescreen,2,High to Low,after consent,after demographics,after training,after fishing,after questionnairs,AMI_accept,,,2.3684210526315788
8,1562800790409,10/07/2019 23:19:50,1562800790233,3,11/07/2019 02:19:50,8835,5,task-73dp,,2797881,5ae0b456dc323f0001635e0b,774572,,complete,,5d2671806dc5bd00198aa4d5,computer,Desktop or Laptop,Windows 10,Chrome 75.0.3770.100,1920x1200,1920x1127,after questionnairs,AMI_Prescreen,2,High to Low,after consent,after demographics,after training,after fishing,after questionnairs,AMI_accept,,,2.3684210526315788
1,1562801489283,10/07/2019 23:31:29,1562801488742,-5,10/07/2019 18:31:28,8835,5,task-73dp,,2797941,5b676f4d3662a80001590769,774602,,complete,,5d26740822313100010599c0,computer,Desktop or Laptop,Windows 10,Chrome 75.0.3770.100,1366x768,1366x768,after questionnairs,AMI_Prescreen,2,Low to High,after consent,after demographics,after training,after fishing,after questionnairs,AMI_accept,"{""Q0"":""Mostly untrue"",""Q1"":""Completely UNTRUE"",""Q2"":""Neither true nor untrue"",""Q3"":""Quite true"",""Q4"":""Mostly untrue"",""Q5"":""Neither true nor untrue""}",24687.389999977313,
2,1562801489519,10/07/2019 23:31:29,1562801488758,-5,10/07/2019 18:31:28,8835,5,task-73dp,,2797941,5b676f4d3662a80001590769,774602,,complete,,5d26740822313100010599c0,computer,Desktop or Laptop,Windows 10,Chrome 75.0.3770.100,1366x768,1366x768,after questionnairs,AMI_Prescreen,2,Low to High,after consent,after demographics,after training,after fishing,after questionnairs,AMI_accept,,,
3,1562801565911,10/07/2019 23:32:45,1562801565432,-5,10/07/2019 18:32:45,8835,5,task-73dp,,2797941,5b676f4d3662a80001590769,774602,,complete,,5d26740822313100010599c0,computer,Desktop or Laptop,Windows 10,Chrome 75.0.3770.100,1366x768,1366x768,after questionnairs,AMI_Prescreen,2,Low to High,after consent,after demographics,after training,after fishing,after questionnairs,AMI_accept,"{""Q0"":""Quite true"",""Q1"":""Mostly untrue"",""Q2"":""Completely UNTRUE"",""Q3"":""Completely UNTRUE"",""Q4"":""Completely UNTRUE"",""Q5"":""Completely UNTRUE"",""Q6"":""Mostly untrue""}",76663.75499998685,
4,1562801566103,10/07/2019 23:32:46,1562801565434,-5,10/07/2019 18:32:45,8835,5,task-73dp,,2797941,5b676f4d3662a80001590769,774602,,complete,,5d26740822313100010599c0,computer,Desktop or Laptop,Windows 10,Chrome 75.0.3770.100,1366x768,1366x768,after questionnairs,AMI_Prescreen,2,Low to High,after consent,after demographics,after training,after fishing,after questionnairs,AMI_accept,,,
5,1562801596484,10/07/2019 23:33:16,1562801596018,-5,10/07/2019 18:33:16,8835,5,task-73dp,,2797941,5b676f4d3662a80001590769,774602,,complete,,5d26740822313100010599c0,computer,Desktop or Laptop,Windows 10,Chrome 75.0.3770.100,1366x768,1366x768,after questionnairs,AMI_Prescreen,2,Low to High,after consent,after demographics,after training,after fishing,after questionnairs,AMI_accept,"{""Q0"":""Mostly untrue"",""Q1"":""Mostly untrue"",""Q2"":""Mostly untrue"",""Q3"":""Quite true"",""Q4"":""Neither true nor untrue"",""Q5"":""Quite true""}",30575.014999951236,
6,1562801596689,10/07/2019 23:33:16,1562801596021,-5,10/07/2019 18:33:16,8835,5,task-73dp,,2797941,5b676f4d3662a80001590769,774602,,complete,,5d26740822313100010599c0,computer,Desktop or Laptop,Windows 10,Chrome 75.0.3770.100,1366x768,1366x768,after questionnairs,AMI_Prescreen,2,Low to High,after consent,after demographics,after training,after fishing,after questionnairs,AMI_accept,,,2.6842105263157894
7,1562801596689,10/07/2019 23:33:16,1562801596022,-5,10/07/2019 18:33:16,8835,5,task-73dp,,2797941,5b676f4d3662a80001590769,774602,,complete,,5d26740822313100010599c0,computer,Desktop or Laptop,Windows 10,Chrome 75.0.3770.100,1366x768,1366x768,after questionnairs,AMI_Prescreen,2,Low to High,after consent,after demographics,after training,after fishing,after questionnairs,AMI_accept,,,2.6842105263157894
8,1562801596689,10/07/2019 23:33:16,1562801596024,-5,10/07/2019 18:33:16,8835,5,task-73dp,,2797941,5b676f4d3662a80001590769,774602,,complete,,5d26740822313100010599c0,computer,Desktop or Laptop,Windows 10,Chrome 75.0.3770.100,1366x768,1366x768,after questionnairs,AMI_Prescreen,2,Low to High,after consent,after demographics,after training,after fishing,after questionnairs,AMI_accept,,,2.6842105263157894
1,1562803281098,11/07/2019 00:01:21,1562803281170,-4,10/07/2019 20:01:21,8835,5,task-73dp,,2797999,5b134a12bd9c31000156d4e2,774636,,complete,,5d267bbd1f84d50001e2e322,computer,Desktop or Laptop,Chromium OS 11895.118.0,Chrome 74.0.3729.159,1366x768,1366x641,after questionnairs,AMI_Prescreen,2,High to Low,after consent,after demographics,after training,after fishing,after questionnairs,AMI_accept,"{""Q0"":""Quite true"",""Q1"":""Completely UNTRUE"",""Q2"":""Mostly untrue"",""Q3"":""Quite true"",""Q4"":""Quite true"",""Q5"":""Mostly untrue""}",25870.330000005197,
2,1562803281316,11/07/2019 00:01:21,1562803281212,-4,10/07/2019 20:01:21,8835,5,task-73dp,,2797999,5b134a12bd9c31000156d4e2,774636,,complete,,5d267bbd1f84d50001e2e322,computer,Desktop or Laptop,Chromium OS 11895.118.0,Chrome 74.0.3729.159,1366x768,1366x641,after questionnairs,AMI_Prescreen,2,High to Low,after consent,after demographics,after training,after fishing,after questionnairs,AMI_accept,,,
3,1562803337712,11/07/2019 00:02:17,1562803337767,-4,10/07/2019 20:02:17,8835,5,task-73dp,,2797999,5b134a12bd9c31000156d4e2,774636,,complete,,5d267bbd1f84d50001e2e322,computer,Desktop or Laptop,Chromium OS 11895.118.0,Chrome 74.0.3729.159,1366x768,1366x641,after questionnairs,AMI_Prescreen,2,High to Low,after consent,after demographics,after training,after fishing,after questionnairs,AMI_accept,"{""Q0"":""Quite true"",""Q1"":""Quite true"",""Q2"":""Quite true"",""Q3"":""Completely UNTRUE"",""Q4"":""Quite true"",""Q5"":""Quite true"",""Q6"":""Mostly untrue""}",56517.3150000046,
4,1562803337914,11/07/2019 00:02:17,1562803337811,-4,10/07/2019 20:02:17,8835,5,task-73dp,,2797999,5b134a12bd9c31000156d4e2,774636,,complete,,5d267bbd1f84d50001e2e322,computer,Desktop or Laptop,Chromium OS 11895.118.0,Chrome 74.0.3729.159,1366x768,1366x641,after questionnairs,AMI_Prescreen,2,High to Low,after consent,after demographics,after training,after fishing,after questionnairs,AMI_accept,,,
5,1562803361260,11/07/2019 00:02:41,1562803361334,-4,10/07/2019 20:02:41,8835,5,task-73dp,,2797999,5b134a12bd9c31000156d4e2,774636,,complete,,5d267bbd1f84d50001e2e322,computer,Desktop or Laptop,Chromium OS 11895.118.0,Chrome 74.0.3729.159,1366x768,1366x641,after questionnairs,AMI_Prescreen,2,High to Low,after consent,after demographics,after training,after fishing,after questionnairs,AMI_accept,"{""Q0"":""Mostly untrue"",""Q1"":""Neither true nor untrue"",""Q2"":""Neither true nor untrue"",""Q3"":""Neither true nor untrue"",""Q4"":""Quite true"",""Q5"":""Mostly untrue""}",23492.715000000317,
6,1562803361509,11/07/2019 00:02:41,1562803361377,-4,10/07/2019 20:02:41,8835,5,task-73dp,,2797999,5b134a12bd9c31000156d4e2,774636,,complete,,5d267bbd1f84d50001e2e322,computer,Desktop or Laptop,Chromium OS 11895.118.0,Chrome 74.0.3729.159,1366x768,1366x641,after questionnairs,AMI_Prescreen,2,High to Low,after consent,after demographics,after training,after fishing,after questionnairs,AMI_accept,,,2
7,1562803361509,11/07/2019 00:02:41,1562803361378,-4,10/07/2019 20:02:41,8835,5,task-73dp,,2797999,5b134a12bd9c31000156d4e2,774636,,complete,,5d267bbd1f84d50001e2e322,computer,Desktop or Laptop,Chromium OS 11895.118.0,Chrome 74.0.3729.159,1366x768,1366x641,after questionnairs,AMI_Prescreen,2,High to Low,after consent,after demographics,after training,after fishing,after questionnairs,AMI_accept,,,2
8,1562803361509,11/07/2019 00:02:41,1562803361485,-4,10/07/2019 20:02:41,8835,5,task-73dp,,2797999,5b134a12bd9c31000156d4e2,774636,,complete,,5d267bbd1f84d50001e2e322,computer,Desktop or Laptop,Chromium OS 11895.118.0,Chrome 74.0.3729.159,1366x768,1366x641,after questionnairs,AMI_Prescreen,2,High to Low,after consent,after demographics,after training,after fishing,after questionnairs,AMI_accept,,,2
1,1562803588621,11/07/2019 00:06:28,1562803588287,-4,10/07/2019 20:06:28,8835,5,task-73dp,,2798007,5c2da96d0091e40001cb708c,774645,,complete,,5d267d0f22313100160599cd,computer,Desktop or Laptop,Windows 10,Chrome 75.0.3770.100,1366x768,1366x625,after questionnairs,AMI_Prescreen,2,High to Low,after consent,after demographics,after training,after fishing,after questionnairs,AMI_accept,"{""Q0"":""Quite true"",""Q1"":""Completely UNTRUE"",""Q2"":""Completely UNTRUE"",""Q3"":""Quite true"",""Q4"":""Neither true nor untrue"",""Q5"":""Quite true""}",20617.97000002116,
2,1562803588792,11/07/2019 00:06:28,1562803588305,-4,10/07/2019 20:06:28,8835,5,task-73dp,,2798007,5c2da96d0091e40001cb708c,774645,,complete,,5d267d0f22313100160599cd,computer,Desktop or Laptop,Windows 10,Chrome 75.0.3770.100,1366x768,1366x625,after questionnairs,AMI_Prescreen,2,High to Low,after consent,after demographics,after training,after fishing,after questionnairs,AMI_accept,,,
3,1562803605731,11/07/2019 00:06:45,1562803605449,-4,10/07/2019 20:06:45,8835,5,task-73dp,,2798007,5c2da96d0091e40001cb708c,774645,,complete,,5d267d0f22313100160599cd,computer,Desktop or Laptop,Windows 10,Chrome 75.0.3770.100,1366x768,1366x625,after questionnairs,AMI_Prescreen,2,High to Low,after consent,after demographics,after training,after fishing,after questionnairs,AMI_accept,"{""Q0"":""Completely TRUE"",""Q1"":""Completely UNTRUE"",""Q2"":""Mostly untrue"",""Q3"":""Completely UNTRUE"",""Q4"":""Neither true nor untrue"",""Q5"":""Mostly untrue"",""Q6"":""Mostly untrue""}",17121.955000096932,
4,1562803605889,11/07/2019 00:06:45,1562803605456,-4,10/07/2019 20:06:45,8835,5,task-73dp,,2798007,5c2da96d0091e40001cb708c,774645,,complete,,5d267d0f22313100160599cd,computer,Desktop or Laptop,Windows 10,Chrome 75.0.3770.100,1366x768,1366x625,after questionnairs,AMI_Prescreen,2,High to Low,after consent,after demographics,after training,after fishing,after questionnairs,AMI_accept,,,
5,1562803621966,11/07/2019 00:07:01,1562803621690,-4,10/07/2019 20:07:01,8835,5,task-73dp,,2798007,5c2da96d0091e40001cb708c,774645,,complete,,5d267d0f22313100160599cd,computer,Desktop or Laptop,Windows 10,Chrome 75.0.3770.100,1366x768,1366x625,after questionnairs,AMI_Prescreen,2,High to Low,after consent,after demographics,after training,after fishing,after questionnairs,AMI_accept,"{""Q0"":""Completely TRUE"",""Q1"":""Completely UNTRUE"",""Q2"":""Mostly untrue"",""Q3"":""Quite true"",""Q4"":""Quite true"",""Q5"":""Completely TRUE""}",16224.69999990426,
6,1562803622107,11/07/2019 00:07:02,1562803621706,-4,10/07/2019 20:07:01,8835,5,task-73dp,,2798007,5c2da96d0091e40001cb708c,774645,,complete,,5d267d0f22313100160599cd,computer,Desktop or Laptop,Windows 10,Chrome 75.0.3770.100,1366x768,1366x625,after questionnairs,AMI_Prescreen,2,High to Low,after consent,after demographics,after training,after fishing,after questionnairs,AMI_accept,,,2.1578947368421053
7,1562803622107,11/07/2019 00:07:02,1562803621710,-4,10/07/2019 20:07:01,8835,5,task-73dp,,2798007,5c2da96d0091e40001cb708c,774645,,complete,,5d267d0f22313100160599cd,computer,Desktop or Laptop,Windows 10,Chrome 75.0.3770.100,1366x768,1366x625,after questionnairs,AMI_Prescreen,2,High to Low,after consent,after demographics,after training,after fishing,after questionnairs,AMI_accept,,,2.1578947368421053
8,1562803622107,11/07/2019 00:07:02,1562803621717,-4,10/07/2019 20:07:01,8835,5,task-73dp,,2798007,5c2da96d0091e40001cb708c,774645,,complete,,5d267d0f22313100160599cd,computer,Desktop or Laptop,Windows 10,Chrome 75.0.3770.100,1366x768,1366x625,after questionnairs,AMI_Prescreen,2,High to Low,after consent,after demographics,after training,after fishing,after questionnairs,AMI_accept,,,2.1578947368421053
END OF FILE
