Event Index,UTC Timestamp,UTC Date,Local Timestamp,Local Timezone,Local Date,Experiment ID,Experiment Version,Tree Node Key,Repeat Key,Schedule ID,Participant Public ID,Participant Private ID,Participant Starting Group,Participant Status,Participant Completion Code,Participant External Session ID,Participant Device Type,Participant Device,Participant OS,Participant Browser,Participant Monitor Size,Participant Viewport Size,Checkpoint,Task Name,Task Version,randomiser-mgaa,checkpoint-z52s,checkpoint-u6nu,checkpoint-puaw,checkpoint-axcr,checkpoint-mrc4,branch-ult5,Question Key,Response
1,1562772671226,10/07/2019 15:31:11,1562772671241,2,10/07/2019 17:31:11,8835,5,questionnaire-zk38,,2794935,5bf300a7ac0f0d000180a247,773858,,complete,,5d26046ebc6de30001a73aa0,computer,Desktop or Laptop,Windows 10,Chrome 75.0.3770.100,1366x768,1366x663,after questionnairs,Demographics,2,High to Low,after consent,after demographics,after training,after fishing,after questionnairs,AMI_accept,BEGIN QUESTIONNAIRE,
2,1562772687913,10/07/2019 15:31:27,1562772687988,2,10/07/2019 17:31:27,8835,5,questionnaire-zk38,,2794935,5bf300a7ac0f0d000180a247,773858,,complete,,5d26046ebc6de30001a73aa0,computer,Desktop or Laptop,Windows 10,Chrome 75.0.3770.100,1366x768,1366x663,after questionnairs,Demographics,2,High to Low,after consent,after demographics,after training,after fishing,after questionnairs,AMI_accept,age-1,26
3,1562772688007,10/07/2019 15:31:28,1562772688014,2,10/07/2019 17:31:28,8835,5,questionnaire-zk38,,2794935,5bf300a7ac0f0d000180a247,773858,,complete,,5d26046ebc6de30001a73aa0,computer,Desktop or Laptop,Windows 10,Chrome 75.0.3770.100,1366x768,1366x663,after questionnairs,Demographics,2,High to Low,after consent,after demographics,after training,after fishing,after questionnairs,AMI_accept,response-1,Bachelor's Degree
4,1562772688007,10/07/2019 15:31:28,1562772688014,2,10/07/2019 17:31:28,8835,5,questionnaire-zk38,,2794935,5bf300a7ac0f0d000180a247,773858,,complete,,5d26046ebc6de30001a73aa0,computer,Desktop or Laptop,Windows 10,Chrome 75.0.3770.100,1366x768,1366x663,after questionnairs,Demographics,2,High to Low,after consent,after demographics,after training,after fishing,after questionnairs,AMI_accept,response-1-quantised,2
5,1562772688007,10/07/2019 15:31:28,1562772688015,2,10/07/2019 17:31:28,8835,5,questionnaire-zk38,,2794935,5bf300a7ac0f0d000180a247,773858,,complete,,5d26046ebc6de30001a73aa0,computer,Desktop or Laptop,Windows 10,Chrome 75.0.3770.100,1366x768,1366x663,after questionnairs,Demographics,2,High to Low,after consent,after demographics,after training,after fishing,after questionnairs,AMI_accept,gender-1,Female
6,1562772688007,10/07/2019 15:31:28,1562772688015,2,10/07/2019 17:31:28,8835,5,questionnaire-zk38,,2794935,5bf300a7ac0f0d000180a247,773858,,complete,,5d26046ebc6de30001a73aa0,computer,Desktop or Laptop,Windows 10,Chrome 75.0.3770.100,1366x768,1366x663,after questionnairs,Demographics,2,High to Low,after consent,after demographics,after training,after fishing,after questionnairs,AMI_accept,gender-1-quantised,1
7,1562772688007,10/07/2019 15:31:28,1562772688016,2,10/07/2019 17:31:28,8835,5,questionnaire-zk38,,2794935,5bf300a7ac0f0d000180a247,773858,,complete,,5d26046ebc6de30001a73aa0,computer,Desktop or Laptop,Windows 10,Chrome 75.0.3770.100,1366x768,1366x663,after questionnairs,Demographics,2,High to Low,after consent,after demographics,after training,after fishing,after questionnairs,AMI_accept,handedness-1,Right-handed
8,1562772688007,10/07/2019 15:31:28,1562772688016,2,10/07/2019 17:31:28,8835,5,questionnaire-zk38,,2794935,5bf300a7ac0f0d000180a247,773858,,complete,,5d26046ebc6de30001a73aa0,computer,Desktop or Laptop,Windows 10,Chrome 75.0.3770.100,1366x768,1366x663,after questionnairs,Demographics,2,High to Low,after consent,after demographics,after training,after fishing,after questionnairs,AMI_accept,handedness-1-quantised,1
9,1562772688007,10/07/2019 15:31:28,1562772688017,2,10/07/2019 17:31:28,8835,5,questionnaire-zk38,,2794935,5bf300a7ac0f0d000180a247,773858,,complete,,5d26046ebc6de30001a73aa0,computer,Desktop or Laptop,Windows 10,Chrome 75.0.3770.100,1366x768,1366x663,after questionnairs,Demographics,2,High to Low,after consent,after demographics,after training,after fishing,after questionnairs,AMI_accept,confirmation-1-1,I do not have any psychiatric or neurological disorders
10,1562772688007,10/07/2019 15:31:28,1562772688017,2,10/07/2019 17:31:28,8835,5,questionnaire-zk38,,2794935,5bf300a7ac0f0d000180a247,773858,,complete,,5d26046ebc6de30001a73aa0,computer,Desktop or Laptop,Windows 10,Chrome 75.0.3770.100,1366x768,1366x663,after questionnairs,Demographics,2,High to Low,after consent,after demographics,after training,after fishing,after questionnairs,AMI_accept,confirmation-1-2,I am not taking any medications for psychiatric disorders
11,1562772688007,10/07/2019 15:31:28,1562772688017,2,10/07/2019 17:31:28,8835,5,questionnaire-zk38,,2794935,5bf300a7ac0f0d000180a247,773858,,complete,,5d26046ebc6de30001a73aa0,computer,Desktop or Laptop,Windows 10,Chrome 75.0.3770.100,1366x768,1366x663,after questionnairs,Demographics,2,High to Low,after consent,after demographics,after training,after fishing,after questionnairs,AMI_accept,END QUESTIONNAIRE,16777
1,1562774588694,10/07/2019 16:03:08,1562774588603,1,10/07/2019 17:03:08,8835,5,questionnaire-zk38,,2795253,586eb256a763c900011d97d0,773951,,complete,,5d260c1065a5c20017939e8c,computer,Desktop or Laptop,Windows 10,Chrome 75.0.3770.100,1920x1080,1920x941,after questionnairs,Demographics,2,High to Low,after consent,after demographics,after training,after fishing,after questionnairs,AMI_accept,BEGIN QUESTIONNAIRE,
2,1562774600789,10/07/2019 16:03:20,1562774600795,1,10/07/2019 17:03:20,8835,5,questionnaire-zk38,,2795253,586eb256a763c900011d97d0,773951,,complete,,5d260c1065a5c20017939e8c,computer,Desktop or Laptop,Windows 10,Chrome 75.0.3770.100,1920x1080,1920x941,after questionnairs,Demographics,2,High to Low,after consent,after demographics,after training,after fishing,after questionnairs,AMI_accept,age-1,29
3,1562774600882,10/07/2019 16:03:20,1562774600797,1,10/07/2019 17:03:20,8835,5,questionnaire-zk38,,2795253,586eb256a763c900011d97d0,773951,,complete,,5d260c1065a5c20017939e8c,computer,Desktop or Laptop,Windows 10,Chrome 75.0.3770.100,1920x1080,1920x941,after questionnairs,Demographics,2,High to Low,after consent,after demographics,after training,after fishing,after questionnairs,AMI_accept,response-1,Master's Degree
4,1562774600882,10/07/2019 16:03:20,1562774600798,1,10/07/2019 17:03:20,8835,5,questionnaire-zk38,,2795253,586eb256a763c900011d97d0,773951,,complete,,5d260c1065a5c20017939e8c,computer,Desktop or Laptop,Windows 10,Chrome 75.0.3770.100,1920x1080,1920x941,after questionnairs,Demographics,2,High to Low,after consent,after demographics,after training,after fishing,after questionnairs,AMI_accept,response-1-quantised,3
5,1562774600882,10/07/2019 16:03:20,1562774600798,1,10/07/2019 17:03:20,8835,5,questionnaire-zk38,,2795253,586eb256a763c900011d97d0,773951,,complete,,5d260c1065a5c20017939e8c,computer,Desktop or Laptop,Windows 10,Chrome 75.0.3770.100,1920x1080,1920x941,after questionnairs,Demographics,2,High to Low,after consent,after demographics,after training,after fishing,after questionnairs,AMI_accept,gender-1,Male
6,1562774600882,10/07/2019 16:03:20,1562774600798,1,10/07/2019 17:03:20,8835,5,questionnaire-zk38,,2795253,586eb256a763c900011d97d0,773951,,complete,,5d260c1065a5c20017939e8c,computer,Desktop or Laptop,Windows 10,Chrome 75.0.3770.100,1920x1080,1920x941,after questionnairs,Demographics,2,High to Low,after consent,after demographics,after training,after fishing,after questionnairs,AMI_accept,gender-1-quantised,2
7,1562774600882,10/07/2019 16:03:20,1562774600798,1,10/07/2019 17:03:20,8835,5,questionnaire-zk38,,2795253,586eb256a763c900011d97d0,773951,,complete,,5d260c1065a5c20017939e8c,computer,Desktop or Laptop,Windows 10,Chrome 75.0.3770.100,1920x1080,1920x941,after questionnairs,Demographics,2,High to Low,after consent,after demographics,after training,after fishing,after questionnairs,AMI_accept,handedness-1,Right-handed
8,1562774600882,10/07/2019 16:03:20,1562774600799,1,10/07/2019 17:03:20,8835,5,questionnaire-zk38,,2795253,586eb256a763c900011d97d0,773951,,complete,,5d260c1065a5c20017939e8c,computer,Desktop or Laptop,Windows 10,Chrome 75.0.3770.100,1920x1080,1920x941,after questionnairs,Demographics,2,High to Low,after consent,after demographics,after training,after fishing,after questionnairs,AMI_accept,handedness-1-quantised,1
9,1562774600882,10/07/2019 16:03:20,1562774600799,1,10/07/2019 17:03:20,8835,5,questionnaire-zk38,,2795253,586eb256a763c900011d97d0,773951,,complete,,5d260c1065a5c20017939e8c,computer,Desktop or Laptop,Windows 10,Chrome 75.0.3770.100,1920x1080,1920x941,after questionnairs,Demographics,2,High to Low,after consent,after demographics,after training,after fishing,after questionnairs,AMI_accept,confirmation-1-1,I do not have any psychiatric or neurological disorders
10,1562774600882,10/07/2019 16:03:20,1562774600799,1,10/07/2019 17:03:20,8835,5,questionnaire-zk38,,2795253,586eb256a763c900011d97d0,773951,,complete,,5d260c1065a5c20017939e8c,computer,Desktop or Laptop,Windows 10,Chrome 75.0.3770.100,1920x1080,1920x941,after questionnairs,Demographics,2,High to Low,after consent,after demographics,after training,after fishing,after questionnairs,AMI_accept,confirmation-1-2,I am not taking any medications for psychiatric disorders
11,1562774600882,10/07/2019 16:03:20,1562774600799,1,10/07/2019 17:03:20,8835,5,questionnaire-zk38,,2795253,586eb256a763c900011d97d0,773951,,complete,,5d260c1065a5c20017939e8c,computer,Desktop or Laptop,Windows 10,Chrome 75.0.3770.100,1920x1080,1920x941,after questionnairs,Demographics,2,High to Low,after consent,after demographics,after training,after fishing,after questionnairs,AMI_accept,END QUESTIONNAIRE,12196
1,1562777217184,10/07/2019 16:46:57,1562777217005,2,10/07/2019 18:46:57,8835,5,questionnaire-zk38,,2796090,5b5ca33f295c4b0001c294d0,774133,,complete,,5d2615f53f78ec001ba0777f,computer,Desktop or Laptop,Windows 7,Chrome 75.0.3770.100,1366x768,1366x625,after questionnairs,Demographics,2,Low to High,after consent,after demographics,after training,after fishing,after questionnairs,AMI_accept,BEGIN QUESTIONNAIRE,
2,1562777233123,10/07/2019 16:47:13,1562777232965,2,10/07/2019 18:47:12,8835,5,questionnaire-zk38,,2796090,5b5ca33f295c4b0001c294d0,774133,,complete,,5d2615f53f78ec001ba0777f,computer,Desktop or Laptop,Windows 7,Chrome 75.0.3770.100,1366x768,1366x625,after questionnairs,Demographics,2,Low to High,after consent,after demographics,after training,after fishing,after questionnairs,AMI_accept,age-1,31
3,1562777233293,10/07/2019 16:47:13,1562777232968,2,10/07/2019 18:47:12,8835,5,questionnaire-zk38,,2796090,5b5ca33f295c4b0001c294d0,774133,,complete,,5d2615f53f78ec001ba0777f,computer,Desktop or Laptop,Windows 7,Chrome 75.0.3770.100,1366x768,1366x625,after questionnairs,Demographics,2,Low to High,after consent,after demographics,after training,after fishing,after questionnairs,AMI_accept,response-1,Bachelor's Degree
4,1562777233293,10/07/2019 16:47:13,1562777232968,2,10/07/2019 18:47:12,8835,5,questionnaire-zk38,,2796090,5b5ca33f295c4b0001c294d0,774133,,complete,,5d2615f53f78ec001ba0777f,computer,Desktop or Laptop,Windows 7,Chrome 75.0.3770.100,1366x768,1366x625,after questionnairs,Demographics,2,Low to High,after consent,after demographics,after training,after fishing,after questionnairs,AMI_accept,response-1-quantised,2
5,1562777233293,10/07/2019 16:47:13,1562777232968,2,10/07/2019 18:47:12,8835,5,questionnaire-zk38,,2796090,5b5ca33f295c4b0001c294d0,774133,,complete,,5d2615f53f78ec001ba0777f,computer,Desktop or Laptop,Windows 7,Chrome 75.0.3770.100,1366x768,1366x625,after questionnairs,Demographics,2,Low to High,after consent,after demographics,after training,after fishing,after questionnairs,AMI_accept,gender-1,Male
6,1562777233293,10/07/2019 16:47:13,1562777232969,2,10/07/2019 18:47:12,8835,5,questionnaire-zk38,,2796090,5b5ca33f295c4b0001c294d0,774133,,complete,,5d2615f53f78ec001ba0777f,computer,Desktop or Laptop,Windows 7,Chrome 75.0.3770.100,1366x768,1366x625,after questionnairs,Demographics,2,Low to High,after consent,after demographics,after training,after fishing,after questionnairs,AMI_accept,gender-1-quantised,2
7,1562777233293,10/07/2019 16:47:13,1562777232969,2,10/07/2019 18:47:12,8835,5,questionnaire-zk38,,2796090,5b5ca33f295c4b0001c294d0,774133,,complete,,5d2615f53f78ec001ba0777f,computer,Desktop or Laptop,Windows 7,Chrome 75.0.3770.100,1366x768,1366x625,after questionnairs,Demographics,2,Low to High,after consent,after demographics,after training,after fishing,after questionnairs,AMI_accept,handedness-1,Right-handed
8,1562777233293,10/07/2019 16:47:13,1562777232970,2,10/07/2019 18:47:12,8835,5,questionnaire-zk38,,2796090,5b5ca33f295c4b0001c294d0,774133,,complete,,5d2615f53f78ec001ba0777f,computer,Desktop or Laptop,Windows 7,Chrome 75.0.3770.100,1366x768,1366x625,after questionnairs,Demographics,2,Low to High,after consent,after demographics,after training,after fishing,after questionnairs,AMI_accept,handedness-1-quantised,1
9,1562777233293,10/07/2019 16:47:13,1562777232970,2,10/07/2019 18:47:12,8835,5,questionnaire-zk38,,2796090,5b5ca33f295c4b0001c294d0,774133,,complete,,5d2615f53f78ec001ba0777f,computer,Desktop or Laptop,Windows 7,Chrome 75.0.3770.100,1366x768,1366x625,after questionnairs,Demographics,2,Low to High,after consent,after demographics,after training,after fishing,after questionnairs,AMI_accept,confirmation-1-1,I do not have any psychiatric or neurological disorders
10,1562777233293,10/07/2019 16:47:13,1562777232970,2,10/07/2019 18:47:12,8835,5,questionnaire-zk38,,2796090,5b5ca33f295c4b0001c294d0,774133,,complete,,5d2615f53f78ec001ba0777f,computer,Desktop or Laptop,Windows 7,Chrome 75.0.3770.100,1366x768,1366x625,after questionnairs,Demographics,2,Low to High,after consent,after demographics,after training,after fishing,after questionnairs,AMI_accept,confirmation-1-2,I am not taking any medications for psychiatric disorders
11,1562777233293,10/07/2019 16:47:13,1562777232970,2,10/07/2019 18:47:12,8835,5,questionnaire-zk38,,2796090,5b5ca33f295c4b0001c294d0,774133,,complete,,5d2615f53f78ec001ba0777f,computer,Desktop or Laptop,Windows 7,Chrome 75.0.3770.100,1366x768,1366x625,after questionnairs,Demographics,2,Low to High,after consent,after demographics,after training,after fishing,after questionnairs,AMI_accept,END QUESTIONNAIRE,15965
1,1562777289953,10/07/2019 16:48:09,1562777290638,1,10/07/2019 17:48:10,8835,5,questionnaire-zk38,,2796146,54762f9efdf99b05557e04be,774153,,complete,,5d2616a3c4d71e00190d081c,computer,Desktop or Laptop,Windows 10,Chrome 75.0.3770.100,1920x1080,1920x937,after questionnairs,Demographics,2,Low to High,after consent,after demographics,after training,after fishing,after questionnairs,AMI_accept,BEGIN QUESTIONNAIRE,
2,1562777303375,10/07/2019 16:48:23,1562777304089,1,10/07/2019 17:48:24,8835,5,questionnaire-zk38,,2796146,54762f9efdf99b05557e04be,774153,,complete,,5d2616a3c4d71e00190d081c,computer,Desktop or Laptop,Windows 10,Chrome 75.0.3770.100,1920x1080,1920x937,after questionnairs,Demographics,2,Low to High,after consent,after demographics,after training,after fishing,after questionnairs,AMI_accept,age-1,44
3,1562777303485,10/07/2019 16:48:23,1562777304090,1,10/07/2019 17:48:24,8835,5,questionnaire-zk38,,2796146,54762f9efdf99b05557e04be,774153,,complete,,5d2616a3c4d71e00190d081c,computer,Desktop or Laptop,Windows 10,Chrome 75.0.3770.100,1920x1080,1920x937,after questionnairs,Demographics,2,Low to High,after consent,after demographics,after training,after fishing,after questionnairs,AMI_accept,response-1,Master's Degree
4,1562777303485,10/07/2019 16:48:23,1562777304090,1,10/07/2019 17:48:24,8835,5,questionnaire-zk38,,2796146,54762f9efdf99b05557e04be,774153,,complete,,5d2616a3c4d71e00190d081c,computer,Desktop or Laptop,Windows 10,Chrome 75.0.3770.100,1920x1080,1920x937,after questionnairs,Demographics,2,Low to High,after consent,after demographics,after training,after fishing,after questionnairs,AMI_accept,response-1-quantised,3
5,1562777303485,10/07/2019 16:48:23,1562777304090,1,10/07/2019 17:48:24,8835,5,questionnaire-zk38,,2796146,54762f9efdf99b05557e04be,774153,,complete,,5d2616a3c4d71e00190d081c,computer,Desktop or Laptop,Windows 10,Chrome 75.0.3770.100,1920x1080,1920x937,after questionnairs,Demographics,2,Low to High,after consent,after demographics,after training,after fishing,after questionnairs,AMI_accept,gender-1,Female
6,1562777303485,10/07/2019 16:48:23,1562777304090,1,10/07/2019 17:48:24,8835,5,questionnaire-zk38,,2796146,54762f9efdf99b05557e04be,774153,,complete,,5d2616a3c4d71e00190d081c,computer,Desktop or Laptop,Windows 10,Chrome 75.0.3770.100,1920x1080,1920x937,after questionnairs,Demographics,2,Low to High,after consent,after demographics,after training,after fishing,after questionnairs,AMI_accept,gender-1-quantised,1
7,1562777303485,10/07/2019 16:48:23,1562777304091,1,10/07/2019 17:48:24,8835,5,questionnaire-zk38,,2796146,54762f9efdf99b05557e04be,774153,,complete,,5d2616a3c4d71e00190d081c,computer,Desktop or Laptop,Windows 10,Chrome 75.0.3770.100,1920x1080,1920x937,after questionnairs,Demographics,2,Low to High,after consent,after demographics,after training,after fishing,after questionnairs,AMI_accept,handedness-1,Right-handed
8,1562777303485,10/07/2019 16:48:23,1562777304091,1,10/07/2019 17:48:24,8835,5,questionnaire-zk38,,2796146,54762f9efdf99b05557e04be,774153,,complete,,5d2616a3c4d71e00190d081c,computer,Desktop or Laptop,Windows 10,Chrome 75.0.3770.100,1920x1080,1920x937,after questionnairs,Demographics,2,Low to High,after consent,after demographics,after training,after fishing,after questionnairs,AMI_accept,handedness-1-quantised,1
9,1562777303485,10/07/2019 16:48:23,1562777304091,1,10/07/2019 17:48:24,8835,5,questionnaire-zk38,,2796146,54762f9efdf99b05557e04be,774153,,complete,,5d2616a3c4d71e00190d081c,computer,Desktop or Laptop,Windows 10,Chrome 75.0.3770.100,1920x1080,1920x937,after questionnairs,Demographics,2,Low to High,after consent,after demographics,after training,after fishing,after questionnairs,AMI_accept,confirmation-1-1,I do not have any psychiatric or neurological disorders
10,1562777303485,10/07/2019 16:48:23,1562777304091,1,10/07/2019 17:48:24,8835,5,questionnaire-zk38,,2796146,54762f9efdf99b05557e04be,774153,,complete,,5d2616a3c4d71e00190d081c,computer,Desktop or Laptop,Windows 10,Chrome 75.0.3770.100,1920x1080,1920x937,after questionnairs,Demographics,2,Low to High,after consent,after demographics,after training,after fishing,after questionnairs,AMI_accept,confirmation-1-2,I am not taking any medications for psychiatric disorders
11,1562777303485,10/07/2019 16:48:23,1562777304091,1,10/07/2019 17:48:24,8835,5,questionnaire-zk38,,2796146,54762f9efdf99b05557e04be,774153,,complete,,5d2616a3c4d71e00190d081c,computer,Desktop or Laptop,Windows 10,Chrome 75.0.3770.100,1920x1080,1920x937,after questionnairs,Demographics,2,Low to High,after consent,after demographics,after training,after fishing,after questionnairs,AMI_accept,END QUESTIONNAIRE,13453
1,1562777603385,10/07/2019 16:53:23,1562777600733,3,10/07/2019 19:53:20,8835,5,questionnaire-zk38,,2796311,5c9d4168368fa2001578c7a6,774164,,complete,,5d2615a6992db9000189c552,computer,Desktop or Laptop,Windows 10,Chrome 75.0.3770.100,1920x1080,1920x937,after questionnairs,Demographics,2,Low to High,after consent,after demographics,after training,after fishing,after questionnairs,AMI_accept,BEGIN QUESTIONNAIRE,
2,1562777623696,10/07/2019 16:53:43,1562777621102,3,10/07/2019 19:53:41,8835,5,questionnaire-zk38,,2796311,5c9d4168368fa2001578c7a6,774164,,complete,,5d2615a6992db9000189c552,computer,Desktop or Laptop,Windows 10,Chrome 75.0.3770.100,1920x1080,1920x937,after questionnairs,Demographics,2,Low to High,after consent,after demographics,after training,after fishing,after questionnairs,AMI_accept,age-1,28
3,1562777623774,10/07/2019 16:53:43,1562777621104,3,10/07/2019 19:53:41,8835,5,questionnaire-zk38,,2796311,5c9d4168368fa2001578c7a6,774164,,complete,,5d2615a6992db9000189c552,computer,Desktop or Laptop,Windows 10,Chrome 75.0.3770.100,1920x1080,1920x937,after questionnairs,Demographics,2,Low to High,after consent,after demographics,after training,after fishing,after questionnairs,AMI_accept,response-1,Bachelor's Degree
4,1562777623774,10/07/2019 16:53:43,1562777621104,3,10/07/2019 19:53:41,8835,5,questionnaire-zk38,,2796311,5c9d4168368fa2001578c7a6,774164,,complete,,5d2615a6992db9000189c552,computer,Desktop or Laptop,Windows 10,Chrome 75.0.3770.100,1920x1080,1920x937,after questionnairs,Demographics,2,Low to High,after consent,after demographics,after training,after fishing,after questionnairs,AMI_accept,response-1-quantised,2
5,1562777623774,10/07/2019 16:53:43,1562777621104,3,10/07/2019 19:53:41,8835,5,questionnaire-zk38,,2796311,5c9d4168368fa2001578c7a6,774164,,complete,,5d2615a6992db9000189c552,computer,Desktop or Laptop,Windows 10,Chrome 75.0.3770.100,1920x1080,1920x937,after questionnairs,Demographics,2,Low to High,after consent,after demographics,after training,after fishing,after questionnairs,AMI_accept,gender-1,Male
6,1562777623774,10/07/2019 16:53:43,1562777621105,3,10/07/2019 19:53:41,8835,5,questionnaire-zk38,,2796311,5c9d4168368fa2001578c7a6,774164,,complete,,5d2615a6992db9000189c552,computer,Desktop or Laptop,Windows 10,Chrome 75.0.3770.100,1920x1080,1920x937,after questionnairs,Demographics,2,Low to High,after consent,after demographics,after training,after fishing,after questionnairs,AMI_accept,END QUESTIONNAIRE,20372
7,1562777623774,10/07/2019 16:53:43,1562777621105,3,10/07/2019 19:53:41,8835,5,questionnaire-zk38,,2796311,5c9d4168368fa2001578c7a6,774164,,complete,,5d2615a6992db9000189c552,computer,Desktop or Laptop,Windows 10,Chrome 75.0.3770.100,1920x1080,1920x937,after questionnairs,Demographics,2,Low to High,after consent,after demographics,after training,after fishing,after questionnairs,AMI_accept,handedness-1,Right-handed
8,1562777623774,10/07/2019 16:53:43,1562777621105,3,10/07/2019 19:53:41,8835,5,questionnaire-zk38,,2796311,5c9d4168368fa2001578c7a6,774164,,complete,,5d2615a6992db9000189c552,computer,Desktop or Laptop,Windows 10,Chrome 75.0.3770.100,1920x1080,1920x937,after questionnairs,Demographics,2,Low to High,after consent,after demographics,after training,after fishing,after questionnairs,AMI_accept,handedness-1-quantised,1
9,1562777623774,10/07/2019 16:53:43,1562777621105,3,10/07/2019 19:53:41,8835,5,questionnaire-zk38,,2796311,5c9d4168368fa2001578c7a6,774164,,complete,,5d2615a6992db9000189c552,computer,Desktop or Laptop,Windows 10,Chrome 75.0.3770.100,1920x1080,1920x937,after questionnairs,Demographics,2,Low to High,after consent,after demographics,after training,after fishing,after questionnairs,AMI_accept,confirmation-1-1,I do not have any psychiatric or neurological disorders
10,1562777623774,10/07/2019 16:53:43,1562777621105,3,10/07/2019 19:53:41,8835,5,questionnaire-zk38,,2796311,5c9d4168368fa2001578c7a6,774164,,complete,,5d2615a6992db9000189c552,computer,Desktop or Laptop,Windows 10,Chrome 75.0.3770.100,1920x1080,1920x937,after questionnairs,Demographics,2,Low to High,after consent,after demographics,after training,after fishing,after questionnairs,AMI_accept,confirmation-1-2,I am not taking any medications for psychiatric disorders
11,1562777623774,10/07/2019 16:53:43,1562777621105,3,10/07/2019 19:53:41,8835,5,questionnaire-zk38,,2796311,5c9d4168368fa2001578c7a6,774164,,complete,,5d2615a6992db9000189c552,computer,Desktop or Laptop,Windows 10,Chrome 75.0.3770.100,1920x1080,1920x937,after questionnairs,Demographics,2,Low to High,after consent,after demographics,after training,after fishing,after questionnairs,AMI_accept,gender-1-quantised,2
1,1562780983892,10/07/2019 17:49:43,1562780982785,1,10/07/2019 18:49:42,8835,5,questionnaire-zk38,,2796559,5d1770db8992b3000156d222,774222,,complete,,5d2624d98352f000013bc296,computer,Desktop or Laptop,Windows 7,Chrome 75.0.3770.100,1920x1200,1920x1057,after questionnairs,Demographics,2,Low to High,after consent,after demographics,after training,after fishing,after questionnairs,AMI_accept,BEGIN QUESTIONNAIRE,
2,1562780997530,10/07/2019 17:49:57,1562780996492,1,10/07/2019 18:49:56,8835,5,questionnaire-zk38,,2796559,5d1770db8992b3000156d222,774222,,complete,,5d2624d98352f000013bc296,computer,Desktop or Laptop,Windows 7,Chrome 75.0.3770.100,1920x1200,1920x1057,after questionnairs,Demographics,2,Low to High,after consent,after demographics,after training,after fishing,after questionnairs,AMI_accept,age-1,35
3,1562780997607,10/07/2019 17:49:57,1562780996499,1,10/07/2019 18:49:56,8835,5,questionnaire-zk38,,2796559,5d1770db8992b3000156d222,774222,,complete,,5d2624d98352f000013bc296,computer,Desktop or Laptop,Windows 7,Chrome 75.0.3770.100,1920x1200,1920x1057,after questionnairs,Demographics,2,Low to High,after consent,after demographics,after training,after fishing,after questionnairs,AMI_accept,response-1,Bachelor's Degree
4,1562780997607,10/07/2019 17:49:57,1562780996499,1,10/07/2019 18:49:56,8835,5,questionnaire-zk38,,2796559,5d1770db8992b3000156d222,774222,,complete,,5d2624d98352f000013bc296,computer,Desktop or Laptop,Windows 7,Chrome 75.0.3770.100,1920x1200,1920x1057,after questionnairs,Demographics,2,Low to High,after consent,after demographics,after training,after fishing,after questionnairs,AMI_accept,response-1-quantised,2
5,1562780997607,10/07/2019 17:49:57,1562780996500,1,10/07/2019 18:49:56,8835,5,questionnaire-zk38,,2796559,5d1770db8992b3000156d222,774222,,complete,,5d2624d98352f000013bc296,computer,Desktop or Laptop,Windows 7,Chrome 75.0.3770.100,1920x1200,1920x1057,after questionnairs,Demographics,2,Low to High,after consent,after demographics,after training,after fishing,after questionnairs,AMI_accept,gender-1,Female
6,1562780997607,10/07/2019 17:49:57,1562780996500,1,10/07/2019 18:49:56,8835,5,questionnaire-zk38,,2796559,5d1770db8992b3000156d222,774222,,complete,,5d2624d98352f000013bc296,computer,Desktop or Laptop,Windows 7,Chrome 75.0.3770.100,1920x1200,1920x1057,after questionnairs,Demographics,2,Low to High,after consent,after demographics,after training,after fishing,after questionnairs,AMI_accept,gender-1-quantised,1
7,1562780997607,10/07/2019 17:49:57,1562780996500,1,10/07/2019 18:49:56,8835,5,questionnaire-zk38,,2796559,5d1770db8992b3000156d222,774222,,complete,,5d2624d98352f000013bc296,computer,Desktop or Laptop,Windows 7,Chrome 75.0.3770.100,1920x1200,1920x1057,after questionnairs,Demographics,2,Low to High,after consent,after demographics,after training,after fishing,after questionnairs,AMI_accept,handedness-1,Right-handed
8,1562780997607,10/07/2019 17:49:57,1562780996500,1,10/07/2019 18:49:56,8835,5,questionnaire-zk38,,2796559,5d1770db8992b3000156d222,774222,,complete,,5d2624d98352f000013bc296,computer,Desktop or Laptop,Windows 7,Chrome 75.0.3770.100,1920x1200,1920x1057,after questionnairs,Demographics,2,Low to High,after consent,after demographics,after training,after fishing,after questionnairs,AMI_accept,handedness-1-quantised,1
9,1562780997607,10/07/2019 17:49:57,1562780996500,1,10/07/2019 18:49:56,8835,5,questionnaire-zk38,,2796559,5d1770db8992b3000156d222,774222,,complete,,5d2624d98352f000013bc296,computer,Desktop or Laptop,Windows 7,Chrome 75.0.3770.100,1920x1200,1920x1057,after questionnairs,Demographics,2,Low to High,after consent,after demographics,after training,after fishing,after questionnairs,AMI_accept,confirmation-1-1,I do not have any psychiatric or neurological disorders
10,1562780997607,10/07/2019 17:49:57,1562780996500,1,10/07/2019 18:49:56,8835,5,questionnaire-zk38,,2796559,5d1770db8992b3000156d222,774222,,complete,,5d2624d98352f000013bc296,computer,Desktop or Laptop,Windows 7,Chrome 75.0.3770.100,1920x1200,1920x1057,after questionnairs,Demographics,2,Low to High,after consent,after demographics,after training,after fishing,after questionnairs,AMI_accept,confirmation-1-2,I am not taking any medications for psychiatric disorders
11,1562780997607,10/07/2019 17:49:57,1562780996501,1,10/07/2019 18:49:56,8835,5,questionnaire-zk38,,2796559,5d1770db8992b3000156d222,774222,,complete,,5d2624d98352f000013bc296,computer,Desktop or Laptop,Windows 7,Chrome 75.0.3770.100,1920x1200,1920x1057,after questionnairs,Demographics,2,Low to High,after consent,after demographics,after training,after fishing,after questionnairs,AMI_accept,END QUESTIONNAIRE,13716
1,1562782166386,10/07/2019 18:09:26,1562782166229,1,10/07/2019 19:09:26,8835,5,questionnaire-zk38,,2796633,5a95887035237b0001125dfe,774240,,complete,,5d262977b28f470017f02277,computer,Desktop or Laptop,Windows 10,Chrome 75.0.3770.100,2560x1440,2560x1298,after questionnairs,Demographics,2,High to Low,after consent,after demographics,after training,after fishing,after questionnairs,AMI_accept,BEGIN QUESTIONNAIRE,
2,1562782190974,10/07/2019 18:09:50,1562782190877,1,10/07/2019 19:09:50,8835,5,questionnaire-zk38,,2796633,5a95887035237b0001125dfe,774240,,complete,,5d262977b28f470017f02277,computer,Desktop or Laptop,Windows 10,Chrome 75.0.3770.100,2560x1440,2560x1298,after questionnairs,Demographics,2,High to Low,after consent,after demographics,after training,after fishing,after questionnairs,AMI_accept,age-1,56
3,1562782191084,10/07/2019 18:09:51,1562782190878,1,10/07/2019 19:09:50,8835,5,questionnaire-zk38,,2796633,5a95887035237b0001125dfe,774240,,complete,,5d262977b28f470017f02277,computer,Desktop or Laptop,Windows 10,Chrome 75.0.3770.100,2560x1440,2560x1298,after questionnairs,Demographics,2,High to Low,after consent,after demographics,after training,after fishing,after questionnairs,AMI_accept,response-1,Post-secondary non-tertiary education
4,1562782191084,10/07/2019 18:09:51,1562782190879,1,10/07/2019 19:09:50,8835,5,questionnaire-zk38,,2796633,5a95887035237b0001125dfe,774240,,complete,,5d262977b28f470017f02277,computer,Desktop or Laptop,Windows 10,Chrome 75.0.3770.100,2560x1440,2560x1298,after questionnairs,Demographics,2,High to Low,after consent,after demographics,after training,after fishing,after questionnairs,AMI_accept,response-1-quantised,1
5,1562782191084,10/07/2019 18:09:51,1562782190879,1,10/07/2019 19:09:50,8835,5,questionnaire-zk38,,2796633,5a95887035237b0001125dfe,774240,,complete,,5d262977b28f470017f02277,computer,Desktop or Laptop,Windows 10,Chrome 75.0.3770.100,2560x1440,2560x1298,after questionnairs,Demographics,2,High to Low,after consent,after demographics,after training,after fishing,after questionnairs,AMI_accept,gender-1,Male
6,1562782191084,10/07/2019 18:09:51,1562782190879,1,10/07/2019 19:09:50,8835,5,questionnaire-zk38,,2796633,5a95887035237b0001125dfe,774240,,complete,,5d262977b28f470017f02277,computer,Desktop or Laptop,Windows 10,Chrome 75.0.3770.100,2560x1440,2560x1298,after questionnairs,Demographics,2,High to Low,after consent,after demographics,after training,after fishing,after questionnairs,AMI_accept,END QUESTIONNAIRE,24650
7,1562782191084,10/07/2019 18:09:51,1562782190879,1,10/07/2019 19:09:50,8835,5,questionnaire-zk38,,2796633,5a95887035237b0001125dfe,774240,,complete,,5d262977b28f470017f02277,computer,Desktop or Laptop,Windows 10,Chrome 75.0.3770.100,2560x1440,2560x1298,after questionnairs,Demographics,2,High to Low,after consent,after demographics,after training,after fishing,after questionnairs,AMI_accept,handedness-1,Right-handed
8,1562782191084,10/07/2019 18:09:51,1562782190879,1,10/07/2019 19:09:50,8835,5,questionnaire-zk38,,2796633,5a95887035237b0001125dfe,774240,,complete,,5d262977b28f470017f02277,computer,Desktop or Laptop,Windows 10,Chrome 75.0.3770.100,2560x1440,2560x1298,after questionnairs,Demographics,2,High to Low,after consent,after demographics,after training,after fishing,after questionnairs,AMI_accept,handedness-1-quantised,1
9,1562782191084,10/07/2019 18:09:51,1562782190879,1,10/07/2019 19:09:50,8835,5,questionnaire-zk38,,2796633,5a95887035237b0001125dfe,774240,,complete,,5d262977b28f470017f02277,computer,Desktop or Laptop,Windows 10,Chrome 75.0.3770.100,2560x1440,2560x1298,after questionnairs,Demographics,2,High to Low,after consent,after demographics,after training,after fishing,after questionnairs,AMI_accept,confirmation-1-1,I do not have any psychiatric or neurological disorders
10,1562782191084,10/07/2019 18:09:51,1562782190879,1,10/07/2019 19:09:50,8835,5,questionnaire-zk38,,2796633,5a95887035237b0001125dfe,774240,,complete,,5d262977b28f470017f02277,computer,Desktop or Laptop,Windows 10,Chrome 75.0.3770.100,2560x1440,2560x1298,after questionnairs,Demographics,2,High to Low,after consent,after demographics,after training,after fishing,after questionnairs,AMI_accept,confirmation-1-2,I am not taking any medications for psychiatric disorders
11,1562782191084,10/07/2019 18:09:51,1562782190879,1,10/07/2019 19:09:50,8835,5,questionnaire-zk38,,2796633,5a95887035237b0001125dfe,774240,,complete,,5d262977b28f470017f02277,computer,Desktop or Laptop,Windows 10,Chrome 75.0.3770.100,2560x1440,2560x1298,after questionnairs,Demographics,2,High to Low,after consent,after demographics,after training,after fishing,after questionnairs,AMI_accept,gender-1-quantised,2
1,1562782362161,10/07/2019 18:12:42,1562782361253,-4,10/07/2019 14:12:41,8835,5,questionnaire-zk38,,2796668,5c3cd0b4486a390001e86330,774245,,complete,,5d2629c0cba1f900011c5d51,computer,Desktop or Laptop,Windows 10,Chrome 75.0.3770.100,1920x1080,1920x937,after questionnairs,Demographics,2,High to Low,after consent,after demographics,after training,after fishing,after questionnairs,AMI_accept,BEGIN QUESTIONNAIRE,
2,1562782382567,10/07/2019 18:13:02,1562782381682,-4,10/07/2019 14:13:01,8835,5,questionnaire-zk38,,2796668,5c3cd0b4486a390001e86330,774245,,complete,,5d2629c0cba1f900011c5d51,computer,Desktop or Laptop,Windows 10,Chrome 75.0.3770.100,1920x1080,1920x937,after questionnairs,Demographics,2,High to Low,after consent,after demographics,after training,after fishing,after questionnairs,AMI_accept,age-1,25
3,1562782382691,10/07/2019 18:13:02,1562782381683,-4,10/07/2019 14:13:01,8835,5,questionnaire-zk38,,2796668,5c3cd0b4486a390001e86330,774245,,complete,,5d2629c0cba1f900011c5d51,computer,Desktop or Laptop,Windows 10,Chrome 75.0.3770.100,1920x1080,1920x937,after questionnairs,Demographics,2,High to Low,after consent,after demographics,after training,after fishing,after questionnairs,AMI_accept,response-1,Doctor of Philosophy
4,1562782382691,10/07/2019 18:13:02,1562782381683,-4,10/07/2019 14:13:01,8835,5,questionnaire-zk38,,2796668,5c3cd0b4486a390001e86330,774245,,complete,,5d2629c0cba1f900011c5d51,computer,Desktop or Laptop,Windows 10,Chrome 75.0.3770.100,1920x1080,1920x937,after questionnairs,Demographics,2,High to Low,after consent,after demographics,after training,after fishing,after questionnairs,AMI_accept,response-1-quantised,4
5,1562782382691,10/07/2019 18:13:02,1562782381683,-4,10/07/2019 14:13:01,8835,5,questionnaire-zk38,,2796668,5c3cd0b4486a390001e86330,774245,,complete,,5d2629c0cba1f900011c5d51,computer,Desktop or Laptop,Windows 10,Chrome 75.0.3770.100,1920x1080,1920x937,after questionnairs,Demographics,2,High to Low,after consent,after demographics,after training,after fishing,after questionnairs,AMI_accept,gender-1,Male
6,1562782382691,10/07/2019 18:13:02,1562782381683,-4,10/07/2019 14:13:01,8835,5,questionnaire-zk38,,2796668,5c3cd0b4486a390001e86330,774245,,complete,,5d2629c0cba1f900011c5d51,computer,Desktop or Laptop,Windows 10,Chrome 75.0.3770.100,1920x1080,1920x937,after questionnairs,Demographics,2,High to Low,after consent,after demographics,after training,after fishing,after questionnairs,AMI_accept,END QUESTIONNAIRE,20430
7,1562782382691,10/07/2019 18:13:02,1562782381683,-4,10/07/2019 14:13:01,8835,5,questionnaire-zk38,,2796668,5c3cd0b4486a390001e86330,774245,,complete,,5d2629c0cba1f900011c5d51,computer,Desktop or Laptop,Windows 10,Chrome 75.0.3770.100,1920x1080,1920x937,after questionnairs,Demographics,2,High to Low,after consent,after demographics,after training,after fishing,after questionnairs,AMI_accept,handedness-1,Right-handed
8,1562782382691,10/07/2019 18:13:02,1562782381683,-4,10/07/2019 14:13:01,8835,5,questionnaire-zk38,,2796668,5c3cd0b4486a390001e86330,774245,,complete,,5d2629c0cba1f900011c5d51,computer,Desktop or Laptop,Windows 10,Chrome 75.0.3770.100,1920x1080,1920x937,after questionnairs,Demographics,2,High to Low,after consent,after demographics,after training,after fishing,after questionnairs,AMI_accept,handedness-1-quantised,1
9,1562782382691,10/07/2019 18:13:02,1562782381683,-4,10/07/2019 14:13:01,8835,5,questionnaire-zk38,,2796668,5c3cd0b4486a390001e86330,774245,,complete,,5d2629c0cba1f900011c5d51,computer,Desktop or Laptop,Windows 10,Chrome 75.0.3770.100,1920x1080,1920x937,after questionnairs,Demographics,2,High to Low,after consent,after demographics,after training,after fishing,after questionnairs,AMI_accept,confirmation-1-1,I do not have any psychiatric or neurological disorders
10,1562782382691,10/07/2019 18:13:02,1562782381683,-4,10/07/2019 14:13:01,8835,5,questionnaire-zk38,,2796668,5c3cd0b4486a390001e86330,774245,,complete,,5d2629c0cba1f900011c5d51,computer,Desktop or Laptop,Windows 10,Chrome 75.0.3770.100,1920x1080,1920x937,after questionnairs,Demographics,2,High to Low,after consent,after demographics,after training,after fishing,after questionnairs,AMI_accept,confirmation-1-2,I am not taking any medications for psychiatric disorders
11,1562782382691,10/07/2019 18:13:02,1562782381683,-4,10/07/2019 14:13:01,8835,5,questionnaire-zk38,,2796668,5c3cd0b4486a390001e86330,774245,,complete,,5d2629c0cba1f900011c5d51,computer,Desktop or Laptop,Windows 10,Chrome 75.0.3770.100,1920x1080,1920x937,after questionnairs,Demographics,2,High to Low,after consent,after demographics,after training,after fishing,after questionnairs,AMI_accept,gender-1-quantised,2
1,1562782550762,10/07/2019 18:15:50,1562782523656,-6,10/07/2019 12:15:23,8835,5,questionnaire-zk38,,2796695,5bd781291fd7c80001bb1fad,774256,,complete,,5d2629aeebd0a900169fcb6b,computer,Desktop or Laptop,Windows 8.1,Chrome 75.0.3770.100,1366x768,1366x657,after questionnairs,Demographics,2,Low to High,after consent,after demographics,after training,after fishing,after questionnairs,AMI_accept,BEGIN QUESTIONNAIRE,
2,1562782567091,10/07/2019 18:16:07,1562782540042,-6,10/07/2019 12:15:40,8835,5,questionnaire-zk38,,2796695,5bd781291fd7c80001bb1fad,774256,,complete,,5d2629aeebd0a900169fcb6b,computer,Desktop or Laptop,Windows 8.1,Chrome 75.0.3770.100,1366x768,1366x657,after questionnairs,Demographics,2,Low to High,after consent,after demographics,after training,after fishing,after questionnairs,AMI_accept,age-1,26
3,1562782567278,10/07/2019 18:16:07,1562782540044,-6,10/07/2019 12:15:40,8835,5,questionnaire-zk38,,2796695,5bd781291fd7c80001bb1fad,774256,,complete,,5d2629aeebd0a900169fcb6b,computer,Desktop or Laptop,Windows 8.1,Chrome 75.0.3770.100,1366x768,1366x657,after questionnairs,Demographics,2,Low to High,after consent,after demographics,after training,after fishing,after questionnairs,AMI_accept,response-1,Bachelor's Degree
4,1562782567278,10/07/2019 18:16:07,1562782540045,-6,10/07/2019 12:15:40,8835,5,questionnaire-zk38,,2796695,5bd781291fd7c80001bb1fad,774256,,complete,,5d2629aeebd0a900169fcb6b,computer,Desktop or Laptop,Windows 8.1,Chrome 75.0.3770.100,1366x768,1366x657,after questionnairs,Demographics,2,Low to High,after consent,after demographics,after training,after fishing,after questionnairs,AMI_accept,response-1-quantised,2
5,1562782567278,10/07/2019 18:16:07,1562782540045,-6,10/07/2019 12:15:40,8835,5,questionnaire-zk38,,2796695,5bd781291fd7c80001bb1fad,774256,,complete,,5d2629aeebd0a900169fcb6b,computer,Desktop or Laptop,Windows 8.1,Chrome 75.0.3770.100,1366x768,1366x657,after questionnairs,Demographics,2,Low to High,after consent,after demographics,after training,after fishing,after questionnairs,AMI_accept,gender-1,Male
6,1562782567278,10/07/2019 18:16:07,1562782540045,-6,10/07/2019 12:15:40,8835,5,questionnaire-zk38,,2796695,5bd781291fd7c80001bb1fad,774256,,complete,,5d2629aeebd0a900169fcb6b,computer,Desktop or Laptop,Windows 8.1,Chrome 75.0.3770.100,1366x768,1366x657,after questionnairs,Demographics,2,Low to High,after consent,after demographics,after training,after fishing,after questionnairs,AMI_accept,END QUESTIONNAIRE,16389
7,1562782567278,10/07/2019 18:16:07,1562782540045,-6,10/07/2019 12:15:40,8835,5,questionnaire-zk38,,2796695,5bd781291fd7c80001bb1fad,774256,,complete,,5d2629aeebd0a900169fcb6b,computer,Desktop or Laptop,Windows 8.1,Chrome 75.0.3770.100,1366x768,1366x657,after questionnairs,Demographics,2,Low to High,after consent,after demographics,after training,after fishing,after questionnairs,AMI_accept,handedness-1,Right-handed
8,1562782567278,10/07/2019 18:16:07,1562782540045,-6,10/07/2019 12:15:40,8835,5,questionnaire-zk38,,2796695,5bd781291fd7c80001bb1fad,774256,,complete,,5d2629aeebd0a900169fcb6b,computer,Desktop or Laptop,Windows 8.1,Chrome 75.0.3770.100,1366x768,1366x657,after questionnairs,Demographics,2,Low to High,after consent,after demographics,after training,after fishing,after questionnairs,AMI_accept,handedness-1-quantised,1
9,1562782567278,10/07/2019 18:16:07,1562782540045,-6,10/07/2019 12:15:40,8835,5,questionnaire-zk38,,2796695,5bd781291fd7c80001bb1fad,774256,,complete,,5d2629aeebd0a900169fcb6b,computer,Desktop or Laptop,Windows 8.1,Chrome 75.0.3770.100,1366x768,1366x657,after questionnairs,Demographics,2,Low to High,after consent,after demographics,after training,after fishing,after questionnairs,AMI_accept,confirmation-1-1,I do not have any psychiatric or neurological disorders
10,1562782567278,10/07/2019 18:16:07,1562782540045,-6,10/07/2019 12:15:40,8835,5,questionnaire-zk38,,2796695,5bd781291fd7c80001bb1fad,774256,,complete,,5d2629aeebd0a900169fcb6b,computer,Desktop or Laptop,Windows 8.1,Chrome 75.0.3770.100,1366x768,1366x657,after questionnairs,Demographics,2,Low to High,after consent,after demographics,after training,after fishing,after questionnairs,AMI_accept,confirmation-1-2,I am not taking any medications for psychiatric disorders
11,1562782567278,10/07/2019 18:16:07,1562782540045,-6,10/07/2019 12:15:40,8835,5,questionnaire-zk38,,2796695,5bd781291fd7c80001bb1fad,774256,,complete,,5d2629aeebd0a900169fcb6b,computer,Desktop or Laptop,Windows 8.1,Chrome 75.0.3770.100,1366x768,1366x657,after questionnairs,Demographics,2,Low to High,after consent,after demographics,after training,after fishing,after questionnairs,AMI_accept,gender-1-quantised,2
1,1562799489619,10/07/2019 22:58:09,1562799489524,1,10/07/2019 23:58:09,8835,5,questionnaire-zk38,,2797774,5c56550e54f9d30001db7f50,774543,,complete,,5d266d4d6d044f0017d330a5,computer,Desktop or Laptop,Windows 10,Chrome 75.0.3770.100,1920x1080,1824x977,after questionnairs,Demographics,2,High to Low,after consent,after demographics,after training,after fishing,after questionnairs,AMI_accept,BEGIN QUESTIONNAIRE,
2,1562799500762,10/07/2019 22:58:20,1562799500717,1,10/07/2019 23:58:20,8835,5,questionnaire-zk38,,2797774,5c56550e54f9d30001db7f50,774543,,complete,,5d266d4d6d044f0017d330a5,computer,Desktop or Laptop,Windows 10,Chrome 75.0.3770.100,1920x1080,1824x977,after questionnairs,Demographics,2,High to Low,after consent,after demographics,after training,after fishing,after questionnairs,AMI_accept,age-1,32
3,1562799500856,10/07/2019 22:58:20,1562799500719,1,10/07/2019 23:58:20,8835,5,questionnaire-zk38,,2797774,5c56550e54f9d30001db7f50,774543,,complete,,5d266d4d6d044f0017d330a5,computer,Desktop or Laptop,Windows 10,Chrome 75.0.3770.100,1920x1080,1824x977,after questionnairs,Demographics,2,High to Low,after consent,after demographics,after training,after fishing,after questionnairs,AMI_accept,response-1,Master's Degree
4,1562799500856,10/07/2019 22:58:20,1562799500719,1,10/07/2019 23:58:20,8835,5,questionnaire-zk38,,2797774,5c56550e54f9d30001db7f50,774543,,complete,,5d266d4d6d044f0017d330a5,computer,Desktop or Laptop,Windows 10,Chrome 75.0.3770.100,1920x1080,1824x977,after questionnairs,Demographics,2,High to Low,after consent,after demographics,after training,after fishing,after questionnairs,AMI_accept,response-1-quantised,3
5,1562799500856,10/07/2019 22:58:20,1562799500719,1,10/07/2019 23:58:20,8835,5,questionnaire-zk38,,2797774,5c56550e54f9d30001db7f50,774543,,complete,,5d266d4d6d044f0017d330a5,computer,Desktop or Laptop,Windows 10,Chrome 75.0.3770.100,1920x1080,1824x977,after questionnairs,Demographics,2,High to Low,after consent,after demographics,after training,after fishing,after questionnairs,AMI_accept,gender-1,Male
6,1562799500856,10/07/2019 22:58:20,1562799500719,1,10/07/2019 23:58:20,8835,5,questionnaire-zk38,,2797774,5c56550e54f9d30001db7f50,774543,,complete,,5d266d4d6d044f0017d330a5,computer,Desktop or Laptop,Windows 10,Chrome 75.0.3770.100,1920x1080,1824x977,after questionnairs,Demographics,2,High to Low,after consent,after demographics,after training,after fishing,after questionnairs,AMI_accept,gender-1-quantised,2
7,1562799500856,10/07/2019 22:58:20,1562799500719,1,10/07/2019 23:58:20,8835,5,questionnaire-zk38,,2797774,5c56550e54f9d30001db7f50,774543,,complete,,5d266d4d6d044f0017d330a5,computer,Desktop or Laptop,Windows 10,Chrome 75.0.3770.100,1920x1080,1824x977,after questionnairs,Demographics,2,High to Low,after consent,after demographics,after training,after fishing,after questionnairs,AMI_accept,handedness-1,Right-handed
8,1562799500856,10/07/2019 22:58:20,1562799500720,1,10/07/2019 23:58:20,8835,5,questionnaire-zk38,,2797774,5c56550e54f9d30001db7f50,774543,,complete,,5d266d4d6d044f0017d330a5,computer,Desktop or Laptop,Windows 10,Chrome 75.0.3770.100,1920x1080,1824x977,after questionnairs,Demographics,2,High to Low,after consent,after demographics,after training,after fishing,after questionnairs,AMI_accept,handedness-1-quantised,1
9,1562799500856,10/07/2019 22:58:20,1562799500720,1,10/07/2019 23:58:20,8835,5,questionnaire-zk38,,2797774,5c56550e54f9d30001db7f50,774543,,complete,,5d266d4d6d044f0017d330a5,computer,Desktop or Laptop,Windows 10,Chrome 75.0.3770.100,1920x1080,1824x977,after questionnairs,Demographics,2,High to Low,after consent,after demographics,after training,after fishing,after questionnairs,AMI_accept,confirmation-1-1,I do not have any psychiatric or neurological disorders
10,1562799500856,10/07/2019 22:58:20,1562799500720,1,10/07/2019 23:58:20,8835,5,questionnaire-zk38,,2797774,5c56550e54f9d30001db7f50,774543,,complete,,5d266d4d6d044f0017d330a5,computer,Desktop or Laptop,Windows 10,Chrome 75.0.3770.100,1920x1080,1824x977,after questionnairs,Demographics,2,High to Low,after consent,after demographics,after training,after fishing,after questionnairs,AMI_accept,confirmation-1-2,I am not taking any medications for psychiatric disorders
11,1562799500856,10/07/2019 22:58:20,1562799500720,1,10/07/2019 23:58:20,8835,5,questionnaire-zk38,,2797774,5c56550e54f9d30001db7f50,774543,,complete,,5d266d4d6d044f0017d330a5,computer,Desktop or Laptop,Windows 10,Chrome 75.0.3770.100,1920x1080,1824x977,after questionnairs,Demographics,2,High to Low,after consent,after demographics,after training,after fishing,after questionnairs,AMI_accept,END QUESTIONNAIRE,11197
1,1562799526307,10/07/2019 22:58:46,1562799525052,2,11/07/2019 00:58:45,8835,5,questionnaire-zk38,,2797779,5c241d69da51990001e23776,774546,,complete,,5d266d73d0021100197f29f5,computer,Desktop or Laptop,Windows 10,Chrome 75.0.3770.100,1920x1080,1920x937,after questionnairs,Demographics,2,Low to High,after consent,after demographics,after training,after fishing,after questionnairs,AMI_accept,BEGIN QUESTIONNAIRE,
2,1562799543651,10/07/2019 22:59:03,1562799542462,2,11/07/2019 00:59:02,8835,5,questionnaire-zk38,,2797779,5c241d69da51990001e23776,774546,,complete,,5d266d73d0021100197f29f5,computer,Desktop or Laptop,Windows 10,Chrome 75.0.3770.100,1920x1080,1920x937,after questionnairs,Demographics,2,Low to High,after consent,after demographics,after training,after fishing,after questionnairs,AMI_accept,age-1,25
3,1562799543777,10/07/2019 22:59:03,1562799542465,2,11/07/2019 00:59:02,8835,5,questionnaire-zk38,,2797779,5c241d69da51990001e23776,774546,,complete,,5d266d73d0021100197f29f5,computer,Desktop or Laptop,Windows 10,Chrome 75.0.3770.100,1920x1080,1920x937,after questionnairs,Demographics,2,Low to High,after consent,after demographics,after training,after fishing,after questionnairs,AMI_accept,response-1,Post-secondary non-tertiary education
4,1562799543777,10/07/2019 22:59:03,1562799542465,2,11/07/2019 00:59:02,8835,5,questionnaire-zk38,,2797779,5c241d69da51990001e23776,774546,,complete,,5d266d73d0021100197f29f5,computer,Desktop or Laptop,Windows 10,Chrome 75.0.3770.100,1920x1080,1920x937,after questionnairs,Demographics,2,Low to High,after consent,after demographics,after training,after fishing,after questionnairs,AMI_accept,response-1-quantised,1
5,1562799543777,10/07/2019 22:59:03,1562799542465,2,11/07/2019 00:59:02,8835,5,questionnaire-zk38,,2797779,5c241d69da51990001e23776,774546,,complete,,5d266d73d0021100197f29f5,computer,Desktop or Laptop,Windows 10,Chrome 75.0.3770.100,1920x1080,1920x937,after questionnairs,Demographics,2,Low to High,after consent,after demographics,after training,after fishing,after questionnairs,AMI_accept,gender-1,Male
6,1562799543777,10/07/2019 22:59:03,1562799542465,2,11/07/2019 00:59:02,8835,5,questionnaire-zk38,,2797779,5c241d69da51990001e23776,774546,,complete,,5d266d73d0021100197f29f5,computer,Desktop or Laptop,Windows 10,Chrome 75.0.3770.100,1920x1080,1920x937,after questionnairs,Demographics,2,Low to High,after consent,after demographics,after training,after fishing,after questionnairs,AMI_accept,gender-1-quantised,2
7,1562799543777,10/07/2019 22:59:03,1562799542465,2,11/07/2019 00:59:02,8835,5,questionnaire-zk38,,2797779,5c241d69da51990001e23776,774546,,complete,,5d266d73d0021100197f29f5,computer,Desktop or Laptop,Windows 10,Chrome 75.0.3770.100,1920x1080,1920x937,after questionnairs,Demographics,2,Low to High,after consent,after demographics,after training,after fishing,after questionnairs,AMI_accept,handedness-1,Right-handed
8,1562799543777,10/07/2019 22:59:03,1562799542465,2,11/07/2019 00:59:02,8835,5,questionnaire-zk38,,2797779,5c241d69da51990001e23776,774546,,complete,,5d266d73d0021100197f29f5,computer,Desktop or Laptop,Windows 10,Chrome 75.0.3770.100,1920x1080,1920x937,after questionnairs,Demographics,2,Low to High,after consent,after demographics,after training,after fishing,after questionnairs,AMI_accept,handedness-1-quantised,1
9,1562799543777,10/07/2019 22:59:03,1562799542466,2,11/07/2019 00:59:02,8835,5,questionnaire-zk38,,2797779,5c241d69da51990001e23776,774546,,complete,,5d266d73d0021100197f29f5,computer,Desktop or Laptop,Windows 10,Chrome 75.0.3770.100,1920x1080,1920x937,after questionnairs,Demographics,2,Low to High,after consent,after demographics,after training,after fishing,after questionnairs,AMI_accept,confirmation-1-1,I do not have any psychiatric or neurological disorders
10,1562799543777,10/07/2019 22:59:03,1562799542466,2,11/07/2019 00:59:02,8835,5,questionnaire-zk38,,2797779,5c241d69da51990001e23776,774546,,complete,,5d266d73d0021100197f29f5,computer,Desktop or Laptop,Windows 10,Chrome 75.0.3770.100,1920x1080,1920x937,after questionnairs,Demographics,2,Low to High,after consent,after demographics,after training,after fishing,after questionnairs,AMI_accept,confirmation-1-2,I am not taking any medications for psychiatric disorders
11,1562799543777,10/07/2019 22:59:03,1562799542466,2,11/07/2019 00:59:02,8835,5,questionnaire-zk38,,2797779,5c241d69da51990001e23776,774546,,complete,,5d266d73d0021100197f29f5,computer,Desktop or Laptop,Windows 10,Chrome 75.0.3770.100,1920x1080,1920x937,after questionnairs,Demographics,2,Low to High,after consent,after demographics,after training,after fishing,after questionnairs,AMI_accept,END QUESTIONNAIRE,17414
1,1562799584757,10/07/2019 22:59:44,1562799586148,-5,10/07/2019 17:59:46,8835,5,questionnaire-zk38,,2797789,5c7498dd2082fe0015f4d419,774545,,complete,,5d266d6d5b533b001701d5c9,computer,Desktop or Laptop,Mac OS 10.12.3,Chrome 73.0.3683.103,1280x800,1280x625,after questionnairs,Demographics,2,High to Low,after consent,after demographics,after training,after fishing,after questionnairs,AMI_accept,BEGIN QUESTIONNAIRE,
2,1562799596751,10/07/2019 22:59:56,1562799598194,-5,10/07/2019 17:59:58,8835,5,questionnaire-zk38,,2797789,5c7498dd2082fe0015f4d419,774545,,complete,,5d266d6d5b533b001701d5c9,computer,Desktop or Laptop,Mac OS 10.12.3,Chrome 73.0.3683.103,1280x800,1280x625,after questionnairs,Demographics,2,High to Low,after consent,after demographics,after training,after fishing,after questionnairs,AMI_accept,age-1,29
3,1562799596938,10/07/2019 22:59:56,1562799598196,-5,10/07/2019 17:59:58,8835,5,questionnaire-zk38,,2797789,5c7498dd2082fe0015f4d419,774545,,complete,,5d266d6d5b533b001701d5c9,computer,Desktop or Laptop,Mac OS 10.12.3,Chrome 73.0.3683.103,1280x800,1280x625,after questionnairs,Demographics,2,High to Low,after consent,after demographics,after training,after fishing,after questionnairs,AMI_accept,response-1,Master's Degree
4,1562799596938,10/07/2019 22:59:56,1562799598196,-5,10/07/2019 17:59:58,8835,5,questionnaire-zk38,,2797789,5c7498dd2082fe0015f4d419,774545,,complete,,5d266d6d5b533b001701d5c9,computer,Desktop or Laptop,Mac OS 10.12.3,Chrome 73.0.3683.103,1280x800,1280x625,after questionnairs,Demographics,2,High to Low,after consent,after demographics,after training,after fishing,after questionnairs,AMI_accept,response-1-quantised,3
5,1562799596938,10/07/2019 22:59:56,1562799598196,-5,10/07/2019 17:59:58,8835,5,questionnaire-zk38,,2797789,5c7498dd2082fe0015f4d419,774545,,complete,,5d266d6d5b533b001701d5c9,computer,Desktop or Laptop,Mac OS 10.12.3,Chrome 73.0.3683.103,1280x800,1280x625,after questionnairs,Demographics,2,High to Low,after consent,after demographics,after training,after fishing,after questionnairs,AMI_accept,gender-1,Female
6,1562799596938,10/07/2019 22:59:56,1562799598197,-5,10/07/2019 17:59:58,8835,5,questionnaire-zk38,,2797789,5c7498dd2082fe0015f4d419,774545,,complete,,5d266d6d5b533b001701d5c9,computer,Desktop or Laptop,Mac OS 10.12.3,Chrome 73.0.3683.103,1280x800,1280x625,after questionnairs,Demographics,2,High to Low,after consent,after demographics,after training,after fishing,after questionnairs,AMI_accept,END QUESTIONNAIRE,12049
7,1562799596938,10/07/2019 22:59:56,1562799598197,-5,10/07/2019 17:59:58,8835,5,questionnaire-zk38,,2797789,5c7498dd2082fe0015f4d419,774545,,complete,,5d266d6d5b533b001701d5c9,computer,Desktop or Laptop,Mac OS 10.12.3,Chrome 73.0.3683.103,1280x800,1280x625,after questionnairs,Demographics,2,High to Low,after consent,after demographics,after training,after fishing,after questionnairs,AMI_accept,handedness-1,Right-handed
8,1562799596938,10/07/2019 22:59:56,1562799598197,-5,10/07/2019 17:59:58,8835,5,questionnaire-zk38,,2797789,5c7498dd2082fe0015f4d419,774545,,complete,,5d266d6d5b533b001701d5c9,computer,Desktop or Laptop,Mac OS 10.12.3,Chrome 73.0.3683.103,1280x800,1280x625,after questionnairs,Demographics,2,High to Low,after consent,after demographics,after training,after fishing,after questionnairs,AMI_accept,handedness-1-quantised,1
9,1562799596938,10/07/2019 22:59:56,1562799598197,-5,10/07/2019 17:59:58,8835,5,questionnaire-zk38,,2797789,5c7498dd2082fe0015f4d419,774545,,complete,,5d266d6d5b533b001701d5c9,computer,Desktop or Laptop,Mac OS 10.12.3,Chrome 73.0.3683.103,1280x800,1280x625,after questionnairs,Demographics,2,High to Low,after consent,after demographics,after training,after fishing,after questionnairs,AMI_accept,confirmation-1-1,I do not have any psychiatric or neurological disorders
10,1562799596938,10/07/2019 22:59:56,1562799598197,-5,10/07/2019 17:59:58,8835,5,questionnaire-zk38,,2797789,5c7498dd2082fe0015f4d419,774545,,complete,,5d266d6d5b533b001701d5c9,computer,Desktop or Laptop,Mac OS 10.12.3,Chrome 73.0.3683.103,1280x800,1280x625,after questionnairs,Demographics,2,High to Low,after consent,after demographics,after training,after fishing,after questionnairs,AMI_accept,confirmation-1-2,I am not taking any medications for psychiatric disorders
11,1562799596938,10/07/2019 22:59:56,1562799598197,-5,10/07/2019 17:59:58,8835,5,questionnaire-zk38,,2797789,5c7498dd2082fe0015f4d419,774545,,complete,,5d266d6d5b533b001701d5c9,computer,Desktop or Laptop,Mac OS 10.12.3,Chrome 73.0.3683.103,1280x800,1280x625,after questionnairs,Demographics,2,High to Low,after consent,after demographics,after training,after fishing,after questionnairs,AMI_accept,gender-1-quantised,1
1,1562799883583,10/07/2019 23:04:43,1562799884279,-4,10/07/2019 19:04:44,8835,5,questionnaire-zk38,,2797824,5bfb362f8386580001ed52bd,774558,,complete,,5d266e6f7aa1bb0015b4e045,computer,Desktop or Laptop,Windows 10,Chrome 75.0.3770.100,1920x1080,1920x937,after questionnairs,Demographics,2,Low to High,after consent,after demographics,after training,after fishing,after questionnairs,AMI_accept,BEGIN QUESTIONNAIRE,
2,1562799895894,10/07/2019 23:04:55,1562799896652,-4,10/07/2019 19:04:56,8835,5,questionnaire-zk38,,2797824,5bfb362f8386580001ed52bd,774558,,complete,,5d266e6f7aa1bb0015b4e045,computer,Desktop or Laptop,Windows 10,Chrome 75.0.3770.100,1920x1080,1920x937,after questionnairs,Demographics,2,Low to High,after consent,after demographics,after training,after fishing,after questionnairs,AMI_accept,age-1,25
3,1562799896044,10/07/2019 23:04:56,1562799896653,-4,10/07/2019 19:04:56,8835,5,questionnaire-zk38,,2797824,5bfb362f8386580001ed52bd,774558,,complete,,5d266e6f7aa1bb0015b4e045,computer,Desktop or Laptop,Windows 10,Chrome 75.0.3770.100,1920x1080,1920x937,after questionnairs,Demographics,2,Low to High,after consent,after demographics,after training,after fishing,after questionnairs,AMI_accept,response-1,Bachelor's Degree
4,1562799896044,10/07/2019 23:04:56,1562799896654,-4,10/07/2019 19:04:56,8835,5,questionnaire-zk38,,2797824,5bfb362f8386580001ed52bd,774558,,complete,,5d266e6f7aa1bb0015b4e045,computer,Desktop or Laptop,Windows 10,Chrome 75.0.3770.100,1920x1080,1920x937,after questionnairs,Demographics,2,Low to High,after consent,after demographics,after training,after fishing,after questionnairs,AMI_accept,response-1-quantised,2
5,1562799896044,10/07/2019 23:04:56,1562799896654,-4,10/07/2019 19:04:56,8835,5,questionnaire-zk38,,2797824,5bfb362f8386580001ed52bd,774558,,complete,,5d266e6f7aa1bb0015b4e045,computer,Desktop or Laptop,Windows 10,Chrome 75.0.3770.100,1920x1080,1920x937,after questionnairs,Demographics,2,Low to High,after consent,after demographics,after training,after fishing,after questionnairs,AMI_accept,gender-1,Male
6,1562799896044,10/07/2019 23:04:56,1562799896654,-4,10/07/2019 19:04:56,8835,5,questionnaire-zk38,,2797824,5bfb362f8386580001ed52bd,774558,,complete,,5d266e6f7aa1bb0015b4e045,computer,Desktop or Laptop,Windows 10,Chrome 75.0.3770.100,1920x1080,1920x937,after questionnairs,Demographics,2,Low to High,after consent,after demographics,after training,after fishing,after questionnairs,AMI_accept,END QUESTIONNAIRE,12375
7,1562799896044,10/07/2019 23:04:56,1562799896654,-4,10/07/2019 19:04:56,8835,5,questionnaire-zk38,,2797824,5bfb362f8386580001ed52bd,774558,,complete,,5d266e6f7aa1bb0015b4e045,computer,Desktop or Laptop,Windows 10,Chrome 75.0.3770.100,1920x1080,1920x937,after questionnairs,Demographics,2,Low to High,after consent,after demographics,after training,after fishing,after questionnairs,AMI_accept,handedness-1,Right-handed
8,1562799896044,10/07/2019 23:04:56,1562799896654,-4,10/07/2019 19:04:56,8835,5,questionnaire-zk38,,2797824,5bfb362f8386580001ed52bd,774558,,complete,,5d266e6f7aa1bb0015b4e045,computer,Desktop or Laptop,Windows 10,Chrome 75.0.3770.100,1920x1080,1920x937,after questionnairs,Demographics,2,Low to High,after consent,after demographics,after training,after fishing,after questionnairs,AMI_accept,handedness-1-quantised,1
9,1562799896044,10/07/2019 23:04:56,1562799896654,-4,10/07/2019 19:04:56,8835,5,questionnaire-zk38,,2797824,5bfb362f8386580001ed52bd,774558,,complete,,5d266e6f7aa1bb0015b4e045,computer,Desktop or Laptop,Windows 10,Chrome 75.0.3770.100,1920x1080,1920x937,after questionnairs,Demographics,2,Low to High,after consent,after demographics,after training,after fishing,after questionnairs,AMI_accept,confirmation-1-1,I do not have any psychiatric or neurological disorders
10,1562799896044,10/07/2019 23:04:56,1562799896654,-4,10/07/2019 19:04:56,8835,5,questionnaire-zk38,,2797824,5bfb362f8386580001ed52bd,774558,,complete,,5d266e6f7aa1bb0015b4e045,computer,Desktop or Laptop,Windows 10,Chrome 75.0.3770.100,1920x1080,1920x937,after questionnairs,Demographics,2,Low to High,after consent,after demographics,after training,after fishing,after questionnairs,AMI_accept,confirmation-1-2,I am not taking any medications for psychiatric disorders
11,1562799896044,10/07/2019 23:04:56,1562799896654,-4,10/07/2019 19:04:56,8835,5,questionnaire-zk38,,2797824,5bfb362f8386580001ed52bd,774558,,complete,,5d266e6f7aa1bb0015b4e045,computer,Desktop or Laptop,Windows 10,Chrome 75.0.3770.100,1920x1080,1920x937,after questionnairs,Demographics,2,Low to High,after consent,after demographics,after training,after fishing,after questionnairs,AMI_accept,gender-1-quantised,2
1,1562799901266,10/07/2019 23:05:01,1562799901262,1,11/07/2019 00:05:01,8835,5,questionnaire-zk38,,2797826,5ae5e66d3ab2fb0001ef2f3c,774562,,complete,,5d266ee04b1567001517d4a1,computer,Desktop or Laptop,Windows 10,Chrome 75.0.3770.100,1920x1080,1920x937,after questionnairs,Demographics,2,High to Low,after consent,after demographics,after training,after fishing,after questionnairs,AMI_accept,BEGIN QUESTIONNAIRE,
2,1562799911701,10/07/2019 23:05:11,1562799911716,1,11/07/2019 00:05:11,8835,5,questionnaire-zk38,,2797826,5ae5e66d3ab2fb0001ef2f3c,774562,,complete,,5d266ee04b1567001517d4a1,computer,Desktop or Laptop,Windows 10,Chrome 75.0.3770.100,1920x1080,1920x937,after questionnairs,Demographics,2,High to Low,after consent,after demographics,after training,after fishing,after questionnairs,AMI_accept,age-1,34
3,1562799911795,10/07/2019 23:05:11,1562799911718,1,11/07/2019 00:05:11,8835,5,questionnaire-zk38,,2797826,5ae5e66d3ab2fb0001ef2f3c,774562,,complete,,5d266ee04b1567001517d4a1,computer,Desktop or Laptop,Windows 10,Chrome 75.0.3770.100,1920x1080,1920x937,after questionnairs,Demographics,2,High to Low,after consent,after demographics,after training,after fishing,after questionnairs,AMI_accept,response-1,Bachelor's Degree
4,1562799911795,10/07/2019 23:05:11,1562799911718,1,11/07/2019 00:05:11,8835,5,questionnaire-zk38,,2797826,5ae5e66d3ab2fb0001ef2f3c,774562,,complete,,5d266ee04b1567001517d4a1,computer,Desktop or Laptop,Windows 10,Chrome 75.0.3770.100,1920x1080,1920x937,after questionnairs,Demographics,2,High to Low,after consent,after demographics,after training,after fishing,after questionnairs,AMI_accept,response-1-quantised,2
5,1562799911795,10/07/2019 23:05:11,1562799911718,1,11/07/2019 00:05:11,8835,5,questionnaire-zk38,,2797826,5ae5e66d3ab2fb0001ef2f3c,774562,,complete,,5d266ee04b1567001517d4a1,computer,Desktop or Laptop,Windows 10,Chrome 75.0.3770.100,1920x1080,1920x937,after questionnairs,Demographics,2,High to Low,after consent,after demographics,after training,after fishing,after questionnairs,AMI_accept,gender-1,Male
6,1562799911795,10/07/2019 23:05:11,1562799911718,1,11/07/2019 00:05:11,8835,5,questionnaire-zk38,,2797826,5ae5e66d3ab2fb0001ef2f3c,774562,,complete,,5d266ee04b1567001517d4a1,computer,Desktop or Laptop,Windows 10,Chrome 75.0.3770.100,1920x1080,1920x937,after questionnairs,Demographics,2,High to Low,after consent,after demographics,after training,after fishing,after questionnairs,AMI_accept,gender-1-quantised,2
7,1562799911795,10/07/2019 23:05:11,1562799911718,1,11/07/2019 00:05:11,8835,5,questionnaire-zk38,,2797826,5ae5e66d3ab2fb0001ef2f3c,774562,,complete,,5d266ee04b1567001517d4a1,computer,Desktop or Laptop,Windows 10,Chrome 75.0.3770.100,1920x1080,1920x937,after questionnairs,Demographics,2,High to Low,after consent,after demographics,after training,after fishing,after questionnairs,AMI_accept,handedness-1,Right-handed
8,1562799911795,10/07/2019 23:05:11,1562799911718,1,11/07/2019 00:05:11,8835,5,questionnaire-zk38,,2797826,5ae5e66d3ab2fb0001ef2f3c,774562,,complete,,5d266ee04b1567001517d4a1,computer,Desktop or Laptop,Windows 10,Chrome 75.0.3770.100,1920x1080,1920x937,after questionnairs,Demographics,2,High to Low,after consent,after demographics,after training,after fishing,after questionnairs,AMI_accept,handedness-1-quantised,1
9,1562799911795,10/07/2019 23:05:11,1562799911719,1,11/07/2019 00:05:11,8835,5,questionnaire-zk38,,2797826,5ae5e66d3ab2fb0001ef2f3c,774562,,complete,,5d266ee04b1567001517d4a1,computer,Desktop or Laptop,Windows 10,Chrome 75.0.3770.100,1920x1080,1920x937,after questionnairs,Demographics,2,High to Low,after consent,after demographics,after training,after fishing,after questionnairs,AMI_accept,confirmation-1-1,I do not have any psychiatric or neurological disorders
10,1562799911795,10/07/2019 23:05:11,1562799911719,1,11/07/2019 00:05:11,8835,5,questionnaire-zk38,,2797826,5ae5e66d3ab2fb0001ef2f3c,774562,,complete,,5d266ee04b1567001517d4a1,computer,Desktop or Laptop,Windows 10,Chrome 75.0.3770.100,1920x1080,1920x937,after questionnairs,Demographics,2,High to Low,after consent,after demographics,after training,after fishing,after questionnairs,AMI_accept,confirmation-1-2,I am not taking any medications for psychiatric disorders
11,1562799911795,10/07/2019 23:05:11,1562799911719,1,11/07/2019 00:05:11,8835,5,questionnaire-zk38,,2797826,5ae5e66d3ab2fb0001ef2f3c,774562,,complete,,5d266ee04b1567001517d4a1,computer,Desktop or Laptop,Windows 10,Chrome 75.0.3770.100,1920x1080,1920x937,after questionnairs,Demographics,2,High to Low,after consent,after demographics,after training,after fishing,after questionnairs,AMI_accept,END QUESTIONNAIRE,10457
1,1562800609479,10/07/2019 23:16:49,1562800609266,3,11/07/2019 02:16:49,8835,5,questionnaire-zk38,,2797867,5c17678df2012800012adfa2,774569,,complete,,5d26717251d03e00018b29e9,computer,Desktop or Laptop,Windows 10,Chrome 75.0.3770.100,1920x1080,1920x937,after questionnairs,Demographics,2,Low to High,after consent,after demographics,after training,after fishing,after questionnairs,AMI_accept,BEGIN QUESTIONNAIRE,
2,1562800625490,10/07/2019 23:17:05,1562800625331,3,11/07/2019 02:17:05,8835,5,questionnaire-zk38,,2797867,5c17678df2012800012adfa2,774569,,complete,,5d26717251d03e00018b29e9,computer,Desktop or Laptop,Windows 10,Chrome 75.0.3770.100,1920x1080,1920x937,after questionnairs,Demographics,2,Low to High,after consent,after demographics,after training,after fishing,after questionnairs,AMI_accept,age-1,31
3,1562800625615,10/07/2019 23:17:05,1562800625333,3,11/07/2019 02:17:05,8835,5,questionnaire-zk38,,2797867,5c17678df2012800012adfa2,774569,,complete,,5d26717251d03e00018b29e9,computer,Desktop or Laptop,Windows 10,Chrome 75.0.3770.100,1920x1080,1920x937,after questionnairs,Demographics,2,Low to High,after consent,after demographics,after training,after fishing,after questionnairs,AMI_accept,response-1,Post-secondary non-tertiary education
4,1562800625615,10/07/2019 23:17:05,1562800625333,3,11/07/2019 02:17:05,8835,5,questionnaire-zk38,,2797867,5c17678df2012800012adfa2,774569,,complete,,5d26717251d03e00018b29e9,computer,Desktop or Laptop,Windows 10,Chrome 75.0.3770.100,1920x1080,1920x937,after questionnairs,Demographics,2,Low to High,after consent,after demographics,after training,after fishing,after questionnairs,AMI_accept,response-1-quantised,1
5,1562800625615,10/07/2019 23:17:05,1562800625333,3,11/07/2019 02:17:05,8835,5,questionnaire-zk38,,2797867,5c17678df2012800012adfa2,774569,,complete,,5d26717251d03e00018b29e9,computer,Desktop or Laptop,Windows 10,Chrome 75.0.3770.100,1920x1080,1920x937,after questionnairs,Demographics,2,Low to High,after consent,after demographics,after training,after fishing,after questionnairs,AMI_accept,gender-1,Male
6,1562800625615,10/07/2019 23:17:05,1562800625334,3,11/07/2019 02:17:05,8835,5,questionnaire-zk38,,2797867,5c17678df2012800012adfa2,774569,,complete,,5d26717251d03e00018b29e9,computer,Desktop or Laptop,Windows 10,Chrome 75.0.3770.100,1920x1080,1920x937,after questionnairs,Demographics,2,Low to High,after consent,after demographics,after training,after fishing,after questionnairs,AMI_accept,END QUESTIONNAIRE,16069
7,1562800625615,10/07/2019 23:17:05,1562800625334,3,11/07/2019 02:17:05,8835,5,questionnaire-zk38,,2797867,5c17678df2012800012adfa2,774569,,complete,,5d26717251d03e00018b29e9,computer,Desktop or Laptop,Windows 10,Chrome 75.0.3770.100,1920x1080,1920x937,after questionnairs,Demographics,2,Low to High,after consent,after demographics,after training,after fishing,after questionnairs,AMI_accept,handedness-1,Left-handed
8,1562800625615,10/07/2019 23:17:05,1562800625334,3,11/07/2019 02:17:05,8835,5,questionnaire-zk38,,2797867,5c17678df2012800012adfa2,774569,,complete,,5d26717251d03e00018b29e9,computer,Desktop or Laptop,Windows 10,Chrome 75.0.3770.100,1920x1080,1920x937,after questionnairs,Demographics,2,Low to High,after consent,after demographics,after training,after fishing,after questionnairs,AMI_accept,handedness-1-quantised,2
9,1562800625615,10/07/2019 23:17:05,1562800625334,3,11/07/2019 02:17:05,8835,5,questionnaire-zk38,,2797867,5c17678df2012800012adfa2,774569,,complete,,5d26717251d03e00018b29e9,computer,Desktop or Laptop,Windows 10,Chrome 75.0.3770.100,1920x1080,1920x937,after questionnairs,Demographics,2,Low to High,after consent,after demographics,after training,after fishing,after questionnairs,AMI_accept,confirmation-1-1,I do not have any psychiatric or neurological disorders
10,1562800625615,10/07/2019 23:17:05,1562800625334,3,11/07/2019 02:17:05,8835,5,questionnaire-zk38,,2797867,5c17678df2012800012adfa2,774569,,complete,,5d26717251d03e00018b29e9,computer,Desktop or Laptop,Windows 10,Chrome 75.0.3770.100,1920x1080,1920x937,after questionnairs,Demographics,2,Low to High,after consent,after demographics,after training,after fishing,after questionnairs,AMI_accept,confirmation-1-2,I am not taking any medications for psychiatric disorders
11,1562800625615,10/07/2019 23:17:05,1562800625334,3,11/07/2019 02:17:05,8835,5,questionnaire-zk38,,2797867,5c17678df2012800012adfa2,774569,,complete,,5d26717251d03e00018b29e9,computer,Desktop or Laptop,Windows 10,Chrome 75.0.3770.100,1920x1080,1920x937,after questionnairs,Demographics,2,Low to High,after consent,after demographics,after training,after fishing,after questionnairs,AMI_accept,gender-1-quantised,2
1,1562800630709,10/07/2019 23:17:10,1562800630603,-4,10/07/2019 19:17:10,8835,5,questionnaire-zk38,,2797871,5be36f917432c0000189d51c,774571,,complete,,5d267197ba456a0015106ebb,computer,Desktop or Laptop,Mac OS 10.14.5,Chrome 75.0.3770.100,1920x1080,1919x978,after questionnairs,Demographics,2,Low to High,after consent,after demographics,after training,after fishing,after questionnairs,AMI_accept,BEGIN QUESTIONNAIRE,
2,1562800644890,10/07/2019 23:17:24,1562800644839,-4,10/07/2019 19:17:24,8835,5,questionnaire-zk38,,2797871,5be36f917432c0000189d51c,774571,,complete,,5d267197ba456a0015106ebb,computer,Desktop or Laptop,Mac OS 10.14.5,Chrome 75.0.3770.100,1920x1080,1919x978,after questionnairs,Demographics,2,Low to High,after consent,after demographics,after training,after fishing,after questionnairs,AMI_accept,age-1,33
3,1562800645046,10/07/2019 23:17:25,1562800644840,-4,10/07/2019 19:17:24,8835,5,questionnaire-zk38,,2797871,5be36f917432c0000189d51c,774571,,complete,,5d267197ba456a0015106ebb,computer,Desktop or Laptop,Mac OS 10.14.5,Chrome 75.0.3770.100,1920x1080,1919x978,after questionnairs,Demographics,2,Low to High,after consent,after demographics,after training,after fishing,after questionnairs,AMI_accept,response-1,Master's Degree
4,1562800645046,10/07/2019 23:17:25,1562800644840,-4,10/07/2019 19:17:24,8835,5,questionnaire-zk38,,2797871,5be36f917432c0000189d51c,774571,,complete,,5d267197ba456a0015106ebb,computer,Desktop or Laptop,Mac OS 10.14.5,Chrome 75.0.3770.100,1920x1080,1919x978,after questionnairs,Demographics,2,Low to High,after consent,after demographics,after training,after fishing,after questionnairs,AMI_accept,response-1-quantised,3
5,1562800645046,10/07/2019 23:17:25,1562800644841,-4,10/07/2019 19:17:24,8835,5,questionnaire-zk38,,2797871,5be36f917432c0000189d51c,774571,,complete,,5d267197ba456a0015106ebb,computer,Desktop or Laptop,Mac OS 10.14.5,Chrome 75.0.3770.100,1920x1080,1919x978,after questionnairs,Demographics,2,Low to High,after consent,after demographics,after training,after fishing,after questionnairs,AMI_accept,gender-1,Male
6,1562800645046,10/07/2019 23:17:25,1562800644841,-4,10/07/2019 19:17:24,8835,5,questionnaire-zk38,,2797871,5be36f917432c0000189d51c,774571,,complete,,5d267197ba456a0015106ebb,computer,Desktop or Laptop,Mac OS 10.14.5,Chrome 75.0.3770.100,1920x1080,1919x978,after questionnairs,Demographics,2,Low to High,after consent,after demographics,after training,after fishing,after questionnairs,AMI_accept,END QUESTIONNAIRE,14238
7,1562800645046,10/07/2019 23:17:25,1562800644841,-4,10/07/2019 19:17:24,8835,5,questionnaire-zk38,,2797871,5be36f917432c0000189d51c,774571,,complete,,5d267197ba456a0015106ebb,computer,Desktop or Laptop,Mac OS 10.14.5,Chrome 75.0.3770.100,1920x1080,1919x978,after questionnairs,Demographics,2,Low to High,after consent,after demographics,after training,after fishing,after questionnairs,AMI_accept,handedness-1,Right-handed
8,1562800645046,10/07/2019 23:17:25,1562800644841,-4,10/07/2019 19:17:24,8835,5,questionnaire-zk38,,2797871,5be36f917432c0000189d51c,774571,,complete,,5d267197ba456a0015106ebb,computer,Desktop or Laptop,Mac OS 10.14.5,Chrome 75.0.3770.100,1920x1080,1919x978,after questionnairs,Demographics,2,Low to High,after consent,after demographics,after training,after fishing,after questionnairs,AMI_accept,handedness-1-quantised,1
9,1562800645046,10/07/2019 23:17:25,1562800644841,-4,10/07/2019 19:17:24,8835,5,questionnaire-zk38,,2797871,5be36f917432c0000189d51c,774571,,complete,,5d267197ba456a0015106ebb,computer,Desktop or Laptop,Mac OS 10.14.5,Chrome 75.0.3770.100,1920x1080,1919x978,after questionnairs,Demographics,2,Low to High,after consent,after demographics,after training,after fishing,after questionnairs,AMI_accept,confirmation-1-1,I do not have any psychiatric or neurological disorders
10,1562800645046,10/07/2019 23:17:25,1562800644841,-4,10/07/2019 19:17:24,8835,5,questionnaire-zk38,,2797871,5be36f917432c0000189d51c,774571,,complete,,5d267197ba456a0015106ebb,computer,Desktop or Laptop,Mac OS 10.14.5,Chrome 75.0.3770.100,1920x1080,1919x978,after questionnairs,Demographics,2,Low to High,after consent,after demographics,after training,after fishing,after questionnairs,AMI_accept,confirmation-1-2,I am not taking any medications for psychiatric disorders
11,1562800645046,10/07/2019 23:17:25,1562800644841,-4,10/07/2019 19:17:24,8835,5,questionnaire-zk38,,2797871,5be36f917432c0000189d51c,774571,,complete,,5d267197ba456a0015106ebb,computer,Desktop or Laptop,Mac OS 10.14.5,Chrome 75.0.3770.100,1920x1080,1919x978,after questionnairs,Demographics,2,Low to High,after consent,after demographics,after training,after fishing,after questionnairs,AMI_accept,gender-1-quantised,2
1,1562800685415,10/07/2019 23:18:05,1562800685261,3,11/07/2019 02:18:05,8835,5,questionnaire-zk38,,2797877,5ae0b456dc323f0001635e0b,774572,,complete,,5d2671806dc5bd00198aa4d5,computer,Desktop or Laptop,Windows 10,Chrome 75.0.3770.100,1920x1200,1920x1127,after questionnairs,Demographics,2,High to Low,after consent,after demographics,after training,after fishing,after questionnairs,AMI_accept,BEGIN QUESTIONNAIRE,
2,1562800702707,10/07/2019 23:18:22,1562800702631,3,11/07/2019 02:18:22,8835,5,questionnaire-zk38,,2797877,5ae0b456dc323f0001635e0b,774572,,complete,,5d2671806dc5bd00198aa4d5,computer,Desktop or Laptop,Windows 10,Chrome 75.0.3770.100,1920x1200,1920x1127,after questionnairs,Demographics,2,High to Low,after consent,after demographics,after training,after fishing,after questionnairs,AMI_accept,age-1,35
3,1562800702851,10/07/2019 23:18:22,1562800702633,3,11/07/2019 02:18:22,8835,5,questionnaire-zk38,,2797877,5ae0b456dc323f0001635e0b,774572,,complete,,5d2671806dc5bd00198aa4d5,computer,Desktop or Laptop,Windows 10,Chrome 75.0.3770.100,1920x1200,1920x1127,after questionnairs,Demographics,2,High to Low,after consent,after demographics,after training,after fishing,after questionnairs,AMI_accept,response-1,Post-secondary non-tertiary education
4,1562800702851,10/07/2019 23:18:22,1562800702633,3,11/07/2019 02:18:22,8835,5,questionnaire-zk38,,2797877,5ae0b456dc323f0001635e0b,774572,,complete,,5d2671806dc5bd00198aa4d5,computer,Desktop or Laptop,Windows 10,Chrome 75.0.3770.100,1920x1200,1920x1127,after questionnairs,Demographics,2,High to Low,after consent,after demographics,after training,after fishing,after questionnairs,AMI_accept,response-1-quantised,1
5,1562800702851,10/07/2019 23:18:22,1562800702633,3,11/07/2019 02:18:22,8835,5,questionnaire-zk38,,2797877,5ae0b456dc323f0001635e0b,774572,,complete,,5d2671806dc5bd00198aa4d5,computer,Desktop or Laptop,Windows 10,Chrome 75.0.3770.100,1920x1200,1920x1127,after questionnairs,Demographics,2,High to Low,after consent,after demographics,after training,after fishing,after questionnairs,AMI_accept,gender-1,Male
6,1562800702851,10/07/2019 23:18:22,1562800702633,3,11/07/2019 02:18:22,8835,5,questionnaire-zk38,,2797877,5ae0b456dc323f0001635e0b,774572,,complete,,5d2671806dc5bd00198aa4d5,computer,Desktop or Laptop,Windows 10,Chrome 75.0.3770.100,1920x1200,1920x1127,after questionnairs,Demographics,2,High to Low,after consent,after demographics,after training,after fishing,after questionnairs,AMI_accept,gender-1-quantised,2
7,1562800702851,10/07/2019 23:18:22,1562800702633,3,11/07/2019 02:18:22,8835,5,questionnaire-zk38,,2797877,5ae0b456dc323f0001635e0b,774572,,complete,,5d2671806dc5bd00198aa4d5,computer,Desktop or Laptop,Windows 10,Chrome 75.0.3770.100,1920x1200,1920x1127,after questionnairs,Demographics,2,High to Low,after consent,after demographics,after training,after fishing,after questionnairs,AMI_accept,handedness-1,Right-handed
8,1562800702851,10/07/2019 23:18:22,1562800702633,3,11/07/2019 02:18:22,8835,5,questionnaire-zk38,,2797877,5ae0b456dc323f0001635e0b,774572,,complete,,5d2671806dc5bd00198aa4d5,computer,Desktop or Laptop,Windows 10,Chrome 75.0.3770.100,1920x1200,1920x1127,after questionnairs,Demographics,2,High to Low,after consent,after demographics,after training,after fishing,after questionnairs,AMI_accept,handedness-1-quantised,1
9,1562800702851,10/07/2019 23:18:22,1562800702633,3,11/07/2019 02:18:22,8835,5,questionnaire-zk38,,2797877,5ae0b456dc323f0001635e0b,774572,,complete,,5d2671806dc5bd00198aa4d5,computer,Desktop or Laptop,Windows 10,Chrome 75.0.3770.100,1920x1200,1920x1127,after questionnairs,Demographics,2,High to Low,after consent,after demographics,after training,after fishing,after questionnairs,AMI_accept,confirmation-1-1,I do not have any psychiatric or neurological disorders
10,1562800702851,10/07/2019 23:18:22,1562800702634,3,11/07/2019 02:18:22,8835,5,questionnaire-zk38,,2797877,5ae0b456dc323f0001635e0b,774572,,complete,,5d2671806dc5bd00198aa4d5,computer,Desktop or Laptop,Windows 10,Chrome 75.0.3770.100,1920x1200,1920x1127,after questionnairs,Demographics,2,High to Low,after consent,after demographics,after training,after fishing,after questionnairs,AMI_accept,confirmation-1-2,I am not taking any medications for psychiatric disorders
11,1562800702851,10/07/2019 23:18:22,1562800702634,3,11/07/2019 02:18:22,8835,5,questionnaire-zk38,,2797877,5ae0b456dc323f0001635e0b,774572,,complete,,5d2671806dc5bd00198aa4d5,computer,Desktop or Laptop,Windows 10,Chrome 75.0.3770.100,1920x1200,1920x1127,after questionnairs,Demographics,2,High to Low,after consent,after demographics,after training,after fishing,after questionnairs,AMI_accept,END QUESTIONNAIRE,17373
1,1562801442923,10/07/2019 23:30:42,1562801442397,-5,10/07/2019 18:30:42,8835,5,questionnaire-zk38,,2797940,5b676f4d3662a80001590769,774602,,complete,,5d26740822313100010599c0,computer,Desktop or Laptop,Windows 10,Chrome 75.0.3770.100,1366x768,1366x625,after questionnairs,Demographics,2,Low to High,after consent,after demographics,after training,after fishing,after questionnairs,AMI_accept,BEGIN QUESTIONNAIRE,
2,1562801460870,10/07/2019 23:31:00,1562801460398,-5,10/07/2019 18:31:00,8835,5,questionnaire-zk38,,2797940,5b676f4d3662a80001590769,774602,,complete,,5d26740822313100010599c0,computer,Desktop or Laptop,Windows 10,Chrome 75.0.3770.100,1366x768,1366x625,after questionnairs,Demographics,2,Low to High,after consent,after demographics,after training,after fishing,after questionnairs,AMI_accept,age-1,26
3,1562801461073,10/07/2019 23:31:01,1562801460401,-5,10/07/2019 18:31:00,8835,5,questionnaire-zk38,,2797940,5b676f4d3662a80001590769,774602,,complete,,5d26740822313100010599c0,computer,Desktop or Laptop,Windows 10,Chrome 75.0.3770.100,1366x768,1366x625,after questionnairs,Demographics,2,Low to High,after consent,after demographics,after training,after fishing,after questionnairs,AMI_accept,response-1,Bachelor's Degree
4,1562801461073,10/07/2019 23:31:01,1562801460401,-5,10/07/2019 18:31:00,8835,5,questionnaire-zk38,,2797940,5b676f4d3662a80001590769,774602,,complete,,5d26740822313100010599c0,computer,Desktop or Laptop,Windows 10,Chrome 75.0.3770.100,1366x768,1366x625,after questionnairs,Demographics,2,Low to High,after consent,after demographics,after training,after fishing,after questionnairs,AMI_accept,response-1-quantised,2
5,1562801461073,10/07/2019 23:31:01,1562801460401,-5,10/07/2019 18:31:00,8835,5,questionnaire-zk38,,2797940,5b676f4d3662a80001590769,774602,,complete,,5d26740822313100010599c0,computer,Desktop or Laptop,Windows 10,Chrome 75.0.3770.100,1366x768,1366x625,after questionnairs,Demographics,2,Low to High,after consent,after demographics,after training,after fishing,after questionnairs,AMI_accept,gender-1,Male
6,1562801461073,10/07/2019 23:31:01,1562801460401,-5,10/07/2019 18:31:00,8835,5,questionnaire-zk38,,2797940,5b676f4d3662a80001590769,774602,,complete,,5d26740822313100010599c0,computer,Desktop or Laptop,Windows 10,Chrome 75.0.3770.100,1366x768,1366x625,after questionnairs,Demographics,2,Low to High,after consent,after demographics,after training,after fishing,after questionnairs,AMI_accept,gender-1-quantised,2
7,1562801461073,10/07/2019 23:31:01,1562801460402,-5,10/07/2019 18:31:00,8835,5,questionnaire-zk38,,2797940,5b676f4d3662a80001590769,774602,,complete,,5d26740822313100010599c0,computer,Desktop or Laptop,Windows 10,Chrome 75.0.3770.100,1366x768,1366x625,after questionnairs,Demographics,2,Low to High,after consent,after demographics,after training,after fishing,after questionnairs,AMI_accept,handedness-1,Right-handed
8,1562801461073,10/07/2019 23:31:01,1562801460402,-5,10/07/2019 18:31:00,8835,5,questionnaire-zk38,,2797940,5b676f4d3662a80001590769,774602,,complete,,5d26740822313100010599c0,computer,Desktop or Laptop,Windows 10,Chrome 75.0.3770.100,1366x768,1366x625,after questionnairs,Demographics,2,Low to High,after consent,after demographics,after training,after fishing,after questionnairs,AMI_accept,handedness-1-quantised,1
9,1562801461073,10/07/2019 23:31:01,1562801460402,-5,10/07/2019 18:31:00,8835,5,questionnaire-zk38,,2797940,5b676f4d3662a80001590769,774602,,complete,,5d26740822313100010599c0,computer,Desktop or Laptop,Windows 10,Chrome 75.0.3770.100,1366x768,1366x625,after questionnairs,Demographics,2,Low to High,after consent,after demographics,after training,after fishing,after questionnairs,AMI_accept,confirmation-1-1,I do not have any psychiatric or neurological disorders
10,1562801461073,10/07/2019 23:31:01,1562801460402,-5,10/07/2019 18:31:00,8835,5,questionnaire-zk38,,2797940,5b676f4d3662a80001590769,774602,,complete,,5d26740822313100010599c0,computer,Desktop or Laptop,Windows 10,Chrome 75.0.3770.100,1366x768,1366x625,after questionnairs,Demographics,2,Low to High,after consent,after demographics,after training,after fishing,after questionnairs,AMI_accept,confirmation-1-2,I am not taking any medications for psychiatric disorders
11,1562801461073,10/07/2019 23:31:01,1562801460402,-5,10/07/2019 18:31:00,8835,5,questionnaire-zk38,,2797940,5b676f4d3662a80001590769,774602,,complete,,5d26740822313100010599c0,computer,Desktop or Laptop,Windows 10,Chrome 75.0.3770.100,1366x768,1366x625,after questionnairs,Demographics,2,Low to High,after consent,after demographics,after training,after fishing,after questionnairs,AMI_accept,END QUESTIONNAIRE,18005
1,1562803231730,11/07/2019 00:00:31,1562803232322,-4,10/07/2019 20:00:32,8835,5,questionnaire-zk38,,2797997,5b134a12bd9c31000156d4e2,774636,,complete,,5d267bbd1f84d50001e2e322,computer,Desktop or Laptop,Chromium OS 11895.118.0,Chrome 74.0.3729.159,1366x768,1366x641,after questionnairs,Demographics,2,High to Low,after consent,after demographics,after training,after fishing,after questionnairs,AMI_accept,BEGIN QUESTIONNAIRE,
2,1562803249787,11/07/2019 00:00:49,1562803249949,-4,10/07/2019 20:00:49,8835,5,questionnaire-zk38,,2797997,5b134a12bd9c31000156d4e2,774636,,complete,,5d267bbd1f84d50001e2e322,computer,Desktop or Laptop,Chromium OS 11895.118.0,Chrome 74.0.3729.159,1366x768,1366x641,after questionnairs,Demographics,2,High to Low,after consent,after demographics,after training,after fishing,after questionnairs,AMI_accept,age-1,29
3,1562803249990,11/07/2019 00:00:49,1562803249952,-4,10/07/2019 20:00:49,8835,5,questionnaire-zk38,,2797997,5b134a12bd9c31000156d4e2,774636,,complete,,5d267bbd1f84d50001e2e322,computer,Desktop or Laptop,Chromium OS 11895.118.0,Chrome 74.0.3729.159,1366x768,1366x641,after questionnairs,Demographics,2,High to Low,after consent,after demographics,after training,after fishing,after questionnairs,AMI_accept,response-1,Bachelor's Degree
4,1562803249990,11/07/2019 00:00:49,1562803249953,-4,10/07/2019 20:00:49,8835,5,questionnaire-zk38,,2797997,5b134a12bd9c31000156d4e2,774636,,complete,,5d267bbd1f84d50001e2e322,computer,Desktop or Laptop,Chromium OS 11895.118.0,Chrome 74.0.3729.159,1366x768,1366x641,after questionnairs,Demographics,2,High to Low,after consent,after demographics,after training,after fishing,after questionnairs,AMI_accept,response-1-quantised,2
5,1562803249990,11/07/2019 00:00:49,1562803249953,-4,10/07/2019 20:00:49,8835,5,questionnaire-zk38,,2797997,5b134a12bd9c31000156d4e2,774636,,complete,,5d267bbd1f84d50001e2e322,computer,Desktop or Laptop,Chromium OS 11895.118.0,Chrome 74.0.3729.159,1366x768,1366x641,after questionnairs,Demographics,2,High to Low,after consent,after demographics,after training,after fishing,after questionnairs,AMI_accept,gender-1,Male
6,1562803249990,11/07/2019 00:00:49,1562803249953,-4,10/07/2019 20:00:49,8835,5,questionnaire-zk38,,2797997,5b134a12bd9c31000156d4e2,774636,,complete,,5d267bbd1f84d50001e2e322,computer,Desktop or Laptop,Chromium OS 11895.118.0,Chrome 74.0.3729.159,1366x768,1366x641,after questionnairs,Demographics,2,High to Low,after consent,after demographics,after training,after fishing,after questionnairs,AMI_accept,gender-1-quantised,2
7,1562803249990,11/07/2019 00:00:49,1562803249953,-4,10/07/2019 20:00:49,8835,5,questionnaire-zk38,,2797997,5b134a12bd9c31000156d4e2,774636,,complete,,5d267bbd1f84d50001e2e322,computer,Desktop or Laptop,Chromium OS 11895.118.0,Chrome 74.0.3729.159,1366x768,1366x641,after questionnairs,Demographics,2,High to Low,after consent,after demographics,after training,after fishing,after questionnairs,AMI_accept,handedness-1,Right-handed
8,1562803249990,11/07/2019 00:00:49,1562803249955,-4,10/07/2019 20:00:49,8835,5,questionnaire-zk38,,2797997,5b134a12bd9c31000156d4e2,774636,,complete,,5d267bbd1f84d50001e2e322,computer,Desktop or Laptop,Chromium OS 11895.118.0,Chrome 74.0.3729.159,1366x768,1366x641,after questionnairs,Demographics,2,High to Low,after consent,after demographics,after training,after fishing,after questionnairs,AMI_accept,handedness-1-quantised,1
9,1562803249990,11/07/2019 00:00:49,1562803249956,-4,10/07/2019 20:00:49,8835,5,questionnaire-zk38,,2797997,5b134a12bd9c31000156d4e2,774636,,complete,,5d267bbd1f84d50001e2e322,computer,Desktop or Laptop,Chromium OS 11895.118.0,Chrome 74.0.3729.159,1366x768,1366x641,after questionnairs,Demographics,2,High to Low,after consent,after demographics,after training,after fishing,after questionnairs,AMI_accept,confirmation-1-1,I do not have any psychiatric or neurological disorders
10,1562803249990,11/07/2019 00:00:49,1562803249956,-4,10/07/2019 20:00:49,8835,5,questionnaire-zk38,,2797997,5b134a12bd9c31000156d4e2,774636,,complete,,5d267bbd1f84d50001e2e322,computer,Desktop or Laptop,Chromium OS 11895.118.0,Chrome 74.0.3729.159,1366x768,1366x641,after questionnairs,Demographics,2,High to Low,after consent,after demographics,after training,after fishing,after questionnairs,AMI_accept,confirmation-1-2,I am not taking any medications for psychiatric disorders
11,1562803249990,11/07/2019 00:00:49,1562803249956,-4,10/07/2019 20:00:49,8835,5,questionnaire-zk38,,2797997,5b134a12bd9c31000156d4e2,774636,,complete,,5d267bbd1f84d50001e2e322,computer,Desktop or Laptop,Chromium OS 11895.118.0,Chrome 74.0.3729.159,1366x768,1366x641,after questionnairs,Demographics,2,High to Low,after consent,after demographics,after training,after fishing,after questionnairs,AMI_accept,END QUESTIONNAIRE,17634
1,1562803552965,11/07/2019 00:05:52,1562803552641,-4,10/07/2019 20:05:52,8835,5,questionnaire-zk38,,2798006,5c2da96d0091e40001cb708c,774645,,complete,,5d267d0f22313100160599cd,computer,Desktop or Laptop,Windows 10,Chrome 75.0.3770.100,1366x768,1366x625,after questionnairs,Demographics,2,High to Low,after consent,after demographics,after training,after fishing,after questionnairs,AMI_accept,BEGIN QUESTIONNAIRE,
2,1562803564604,11/07/2019 00:06:04,1562803564331,-4,10/07/2019 20:06:04,8835,5,questionnaire-zk38,,2798006,5c2da96d0091e40001cb708c,774645,,complete,,5d267d0f22313100160599cd,computer,Desktop or Laptop,Windows 10,Chrome 75.0.3770.100,1366x768,1366x625,after questionnairs,Demographics,2,High to Low,after consent,after demographics,after training,after fishing,after questionnairs,AMI_accept,age-1,35
3,1562803564761,11/07/2019 00:06:04,1562803564333,-4,10/07/2019 20:06:04,8835,5,questionnaire-zk38,,2798006,5c2da96d0091e40001cb708c,774645,,complete,,5d267d0f22313100160599cd,computer,Desktop or Laptop,Windows 10,Chrome 75.0.3770.100,1366x768,1366x625,after questionnairs,Demographics,2,High to Low,after consent,after demographics,after training,after fishing,after questionnairs,AMI_accept,response-1,Bachelor's Degree
4,1562803564761,11/07/2019 00:06:04,1562803564333,-4,10/07/2019 20:06:04,8835,5,questionnaire-zk38,,2798006,5c2da96d0091e40001cb708c,774645,,complete,,5d267d0f22313100160599cd,computer,Desktop or Laptop,Windows 10,Chrome 75.0.3770.100,1366x768,1366x625,after questionnairs,Demographics,2,High to Low,after consent,after demographics,after training,after fishing,after questionnairs,AMI_accept,response-1-quantised,2
5,1562803564761,11/07/2019 00:06:04,1562803564333,-4,10/07/2019 20:06:04,8835,5,questionnaire-zk38,,2798006,5c2da96d0091e40001cb708c,774645,,complete,,5d267d0f22313100160599cd,computer,Desktop or Laptop,Windows 10,Chrome 75.0.3770.100,1366x768,1366x625,after questionnairs,Demographics,2,High to Low,after consent,after demographics,after training,after fishing,after questionnairs,AMI_accept,gender-1,Male
6,1562803564761,11/07/2019 00:06:04,1562803564334,-4,10/07/2019 20:06:04,8835,5,questionnaire-zk38,,2798006,5c2da96d0091e40001cb708c,774645,,complete,,5d267d0f22313100160599cd,computer,Desktop or Laptop,Windows 10,Chrome 75.0.3770.100,1366x768,1366x625,after questionnairs,Demographics,2,High to Low,after consent,after demographics,after training,after fishing,after questionnairs,AMI_accept,gender-1-quantised,2
7,1562803564761,11/07/2019 00:06:04,1562803564334,-4,10/07/2019 20:06:04,8835,5,questionnaire-zk38,,2798006,5c2da96d0091e40001cb708c,774645,,complete,,5d267d0f22313100160599cd,computer,Desktop or Laptop,Windows 10,Chrome 75.0.3770.100,1366x768,1366x625,after questionnairs,Demographics,2,High to Low,after consent,after demographics,after training,after fishing,after questionnairs,AMI_accept,handedness-1,Right-handed
8,1562803564761,11/07/2019 00:06:04,1562803564334,-4,10/07/2019 20:06:04,8835,5,questionnaire-zk38,,2798006,5c2da96d0091e40001cb708c,774645,,complete,,5d267d0f22313100160599cd,computer,Desktop or Laptop,Windows 10,Chrome 75.0.3770.100,1366x768,1366x625,after questionnairs,Demographics,2,High to Low,after consent,after demographics,after training,after fishing,after questionnairs,AMI_accept,handedness-1-quantised,1
9,1562803564761,11/07/2019 00:06:04,1562803564335,-4,10/07/2019 20:06:04,8835,5,questionnaire-zk38,,2798006,5c2da96d0091e40001cb708c,774645,,complete,,5d267d0f22313100160599cd,computer,Desktop or Laptop,Windows 10,Chrome 75.0.3770.100,1366x768,1366x625,after questionnairs,Demographics,2,High to Low,after consent,after demographics,after training,after fishing,after questionnairs,AMI_accept,confirmation-1-1,I do not have any psychiatric or neurological disorders
10,1562803564761,11/07/2019 00:06:04,1562803564335,-4,10/07/2019 20:06:04,8835,5,questionnaire-zk38,,2798006,5c2da96d0091e40001cb708c,774645,,complete,,5d267d0f22313100160599cd,computer,Desktop or Laptop,Windows 10,Chrome 75.0.3770.100,1366x768,1366x625,after questionnairs,Demographics,2,High to Low,after consent,after demographics,after training,after fishing,after questionnairs,AMI_accept,confirmation-1-2,I am not taking any medications for psychiatric disorders
11,1562803564761,11/07/2019 00:06:04,1562803564335,-4,10/07/2019 20:06:04,8835,5,questionnaire-zk38,,2798006,5c2da96d0091e40001cb708c,774645,,complete,,5d267d0f22313100160599cd,computer,Desktop or Laptop,Windows 10,Chrome 75.0.3770.100,1366x768,1366x625,after questionnairs,Demographics,2,High to Low,after consent,after demographics,after training,after fishing,after questionnairs,AMI_accept,END QUESTIONNAIRE,11694
END OF FILE
