Event Index,UTC Timestamp,UTC Date,Local Timestamp,Local Timezone,Local Date,Experiment ID,Experiment Version,Tree Node Key,Repeat Key,Schedule ID,Participant Public ID,Participant Private ID,Participant Starting Group,Participant Status,Participant Completion Code,Participant External Session ID,Participant Device Type,Participant Device,Participant OS,Participant Browser,Participant Monitor Size,Participant Viewport Size,Checkpoint,Task Name,Task Version,randomiser-mgaa,checkpoint-z52s,checkpoint-u6nu,checkpoint-puaw,checkpoint-axcr,checkpoint-mrc4,reaction time,stimulus,button pressed
1,1562172207894,03/07/2019 16:43:27,1562172208225,1,03/07/2019 17:43:28,8449,8,task-jgum,,2760031,5ce2642000d670001684edfc,765957,,complete,,5d1cdad59aae2900017c4f20,computer,Desktop or Laptop,Windows 10,Chrome 75.0.3770.100,1368x912,1368x802,after questionnairs,HeadphonesCheck,3,Low to High,after consent,after demographics,after training,after fishing,after questionnairs,6163.694999995641,"<p style=""color: black; font-size: 28px; font-weight: bold;"">This is a sound check. Please turn on the sound on.</p>",
2,1562172211270,03/07/2019 16:43:31,1562172211751,1,03/07/2019 17:43:31,8449,8,task-jgum,,2760031,5ce2642000d670001684edfc,765957,,complete,,5d1cdad59aae2900017c4f20,computer,Desktop or Laptop,Windows 10,Chrome 75.0.3770.100,1368x912,1368x802,after questionnairs,HeadphonesCheck,3,Low to High,after consent,after demographics,after training,after fishing,after questionnairs,3510.5949999997392,/task/29849/3/asset/Dog.mp3,1
3,1562172213723,03/07/2019 16:43:33,1562172214219,1,03/07/2019 17:43:34,8449,8,task-jgum,,2760031,5ce2642000d670001684edfc,765957,,complete,,5d1cdad59aae2900017c4f20,computer,Desktop or Laptop,Windows 10,Chrome 75.0.3770.100,1368x912,1368x802,after questionnairs,HeadphonesCheck,3,Low to High,after consent,after demographics,after training,after fishing,after questionnairs,2458.710000006249,/task/29849/3/asset/Owl.mp3,0
4,1562172216398,03/07/2019 16:43:36,1562172216799,1,03/07/2019 17:43:36,8449,8,task-jgum,,2760031,5ce2642000d670001684edfc,765957,,complete,,5d1cdad59aae2900017c4f20,computer,Desktop or Laptop,Windows 10,Chrome 75.0.3770.100,1368x912,1368x802,after questionnairs,HeadphonesCheck,3,Low to High,after consent,after demographics,after training,after fishing,after questionnairs,2573.080000001937,/task/29849/3/asset/Goat.mp3,0
1,1562172892587,03/07/2019 16:54:52,1562172890965,1,03/07/2019 17:54:50,8449,8,task-jgum,,2760072,5acc84ec0527ba0001c27250,765963,,complete,,5d1cdd0974d60d00012815ce,computer,Desktop or Laptop,Windows 10,Chrome 75.0.3770.100,1366x768,1366x635,after questionnairs,HeadphonesCheck,3,High to Low,after consent,after demographics,after training,after fishing,after questionnairs,7890.999999828637,"<p style=""color: black; font-size: 28px; font-weight: bold;"">This is a sound check. Please turn on the sound on.</p>",
2,1562172897244,03/07/2019 16:54:57,1562172895802,1,03/07/2019 17:54:55,8449,8,task-jgum,,2760072,5acc84ec0527ba0001c27250,765963,,complete,,5d1cdd0974d60d00012815ce,computer,Desktop or Laptop,Windows 10,Chrome 75.0.3770.100,1366x768,1366x635,after questionnairs,HeadphonesCheck,3,High to Low,after consent,after demographics,after training,after fishing,after questionnairs,4811.000000219792,/task/29849/3/asset/Dog.mp3,1
3,1562172900119,03/07/2019 16:55:00,1562172898668,1,03/07/2019 17:54:58,8449,8,task-jgum,,2760072,5acc84ec0527ba0001c27250,765963,,complete,,5d1cdd0974d60d00012815ce,computer,Desktop or Laptop,Windows 10,Chrome 75.0.3770.100,1366x768,1366x635,after questionnairs,HeadphonesCheck,3,High to Low,after consent,after demographics,after training,after fishing,after questionnairs,2861.9999999646097,/task/29849/3/asset/Owl.mp3,0
4,1562172901696,03/07/2019 16:55:01,1562172900277,1,03/07/2019 17:55:00,8449,8,task-jgum,,2760072,5acc84ec0527ba0001c27250,765963,,complete,,5d1cdd0974d60d00012815ce,computer,Desktop or Laptop,Windows 10,Chrome 75.0.3770.100,1366x768,1366x635,after questionnairs,HeadphonesCheck,3,High to Low,after consent,after demographics,after training,after fishing,after questionnairs,1603.9999998174608,/task/29849/3/asset/Goat.mp3,0
1,1562173006009,03/07/2019 16:56:46,1562173005831,1,03/07/2019 17:56:45,8449,8,task-jgum,,2760076,59efd1e377860e0001513786,765965,,complete,,5d1cdddc8923b4000136fa18,computer,Desktop or Laptop,Mac OS 10.13.6,Chrome 74.0.3729.169,1440x900,1152x657,after questionnairs,HeadphonesCheck,3,Low to High,after consent,after demographics,after training,after fishing,after questionnairs,66976.64499998791,"<p style=""color: black; font-size: 28px; font-weight: bold;"">This is a sound check. Please turn on the sound on.</p>",
2,1562173008758,03/07/2019 16:56:48,1562173008650,1,03/07/2019 17:56:48,8449,8,task-jgum,,2760076,59efd1e377860e0001513786,765965,,complete,,5d1cdddc8923b4000136fa18,computer,Desktop or Laptop,Mac OS 10.13.6,Chrome 74.0.3729.169,1440x900,1152x657,after questionnairs,HeadphonesCheck,3,Low to High,after consent,after demographics,after training,after fishing,after questionnairs,2798.750000016298,/task/29849/3/asset/Dog.mp3,1
3,1562173010338,03/07/2019 16:56:50,1562173010209,1,03/07/2019 17:56:50,8449,8,task-jgum,,2760076,59efd1e377860e0001513786,765965,,complete,,5d1cdddc8923b4000136fa18,computer,Desktop or Laptop,Mac OS 10.13.6,Chrome 74.0.3729.169,1440x900,1152x657,after questionnairs,HeadphonesCheck,3,Low to High,after consent,after demographics,after training,after fishing,after questionnairs,1555.854999984149,/task/29849/3/asset/Owl.mp3,0
4,1562173015337,03/07/2019 16:56:55,1562173011482,1,03/07/2019 17:56:51,8449,8,task-jgum,,2760076,59efd1e377860e0001513786,765965,,complete,,5d1cdddc8923b4000136fa18,computer,Desktop or Laptop,Mac OS 10.13.6,Chrome 74.0.3729.169,1440x900,1152x657,after questionnairs,HeadphonesCheck,3,Low to High,after consent,after demographics,after training,after fishing,after questionnairs,1268.930000020191,/task/29849/3/asset/Goat.mp3,0
1,1562173488156,03/07/2019 17:04:48,1562173488304,1,03/07/2019 18:04:48,8449,8,task-jgum,,2760112,5a384471e7bc8000010a8df2,765970,,complete,,5d1cdddb08499e0019b48c97,computer,Desktop or Laptop,Windows 10,Chrome 75.0.3770.100,1920x1080,1920x969,after questionnairs,HeadphonesCheck,3,High to Low,after consent,after demographics,after training,after fishing,after questionnairs,15817.819999996573,"<p style=""color: black; font-size: 28px; font-weight: bold;"">This is a sound check. Please turn on the sound on.</p>",
2,1562173492373,03/07/2019 17:04:52,1562173492545,1,03/07/2019 18:04:52,8449,8,task-jgum,,2760112,5a384471e7bc8000010a8df2,765970,,complete,,5d1cdddb08499e0019b48c97,computer,Desktop or Laptop,Windows 10,Chrome 75.0.3770.100,1920x1080,1920x969,after questionnairs,HeadphonesCheck,3,High to Low,after consent,after demographics,after training,after fishing,after questionnairs,4200.129999982892,/task/29849/3/asset/Dog.mp3,1
3,1562173498819,03/07/2019 17:04:58,1562173499064,1,03/07/2019 18:04:59,8449,8,task-jgum,,2760112,5a384471e7bc8000010a8df2,765970,,complete,,5d1cdddb08499e0019b48c97,computer,Desktop or Laptop,Windows 10,Chrome 75.0.3770.100,1920x1080,1920x969,after questionnairs,HeadphonesCheck,3,High to Low,after consent,after demographics,after training,after fishing,after questionnairs,6516.414999990957,/task/29849/3/asset/Owl.mp3,0
4,1562173502877,03/07/2019 17:05:02,1562173503136,1,03/07/2019 18:05:03,8449,8,task-jgum,,2760112,5a384471e7bc8000010a8df2,765970,,complete,,5d1cdddb08499e0019b48c97,computer,Desktop or Laptop,Windows 10,Chrome 75.0.3770.100,1920x1080,1920x969,after questionnairs,HeadphonesCheck,3,High to Low,after consent,after demographics,after training,after fishing,after questionnairs,4069.22500001383,/task/29849/3/asset/Goat.mp3,0
1,1562173706157,03/07/2019 17:08:26,1562173699192,1,03/07/2019 18:08:19,8449,8,task-jgum,,2760134,57eee8f1e0964a00018a802d,765973,,complete,,5d1ce06808499e0001b489c4,computer,Desktop or Laptop,Windows 7,Chrome 75.0.3770.100,1366x768,1366x625,after questionnairs,HeadphonesCheck,3,High to Low,after consent,after demographics,after training,after fishing,after questionnairs,6973.785000038333,"<p style=""color: black; font-size: 28px; font-weight: bold;"">This is a sound check. Please turn on the sound on.</p>",
2,1562173721003,03/07/2019 17:08:41,1562173714137,1,03/07/2019 18:08:34,8449,8,task-jgum,,2760134,57eee8f1e0964a00018a802d,765973,,complete,,5d1ce06808499e0001b489c4,computer,Desktop or Laptop,Windows 7,Chrome 75.0.3770.100,1366x768,1366x625,after questionnairs,HeadphonesCheck,3,High to Low,after consent,after demographics,after training,after fishing,after questionnairs,14902.905000024475,/task/29849/3/asset/Dog.mp3,0
3,1562173731094,03/07/2019 17:08:51,1562173724240,1,03/07/2019 18:08:44,8449,8,task-jgum,,2760134,57eee8f1e0964a00018a802d,765973,,complete,,5d1ce06808499e0001b489c4,computer,Desktop or Laptop,Windows 7,Chrome 75.0.3770.100,1366x768,1366x625,after questionnairs,HeadphonesCheck,3,High to Low,after consent,after demographics,after training,after fishing,after questionnairs,10090.735000092536,/task/29849/3/asset/Owl.mp3,0
4,1562173734094,03/07/2019 17:08:54,1562173727230,1,03/07/2019 18:08:47,8449,8,task-jgum,,2760134,57eee8f1e0964a00018a802d,765973,,complete,,5d1ce06808499e0001b489c4,computer,Desktop or Laptop,Windows 7,Chrome 75.0.3770.100,1366x768,1366x625,after questionnairs,HeadphonesCheck,3,High to Low,after consent,after demographics,after training,after fishing,after questionnairs,2979.9699999857694,/task/29849/3/asset/Goat.mp3,0
1,1562173810163,03/07/2019 17:10:10,1562173808966,1,03/07/2019 18:10:08,8449,8,task-jgum,,2760152,5a0c438a728b1b0001ad9683,765978,,complete,,5d1ce0dd57b8ba00175c4d9f,computer,Desktop or Laptop,Windows 10,Chrome 75.0.3770.100,1366x768,1366x657,after questionnairs,HeadphonesCheck,3,High to Low,after consent,after demographics,after training,after fishing,after questionnairs,15055.575000005774,"<p style=""color: black; font-size: 28px; font-weight: bold;"">This is a sound check. Please turn on the sound on.</p>",
2,1562173817725,03/07/2019 17:10:17,1562173816773,1,03/07/2019 18:10:16,8449,8,task-jgum,,2760152,5a0c438a728b1b0001ad9683,765978,,complete,,5d1ce0dd57b8ba00175c4d9f,computer,Desktop or Laptop,Windows 10,Chrome 75.0.3770.100,1366x768,1366x657,after questionnairs,HeadphonesCheck,3,High to Low,after consent,after demographics,after training,after fishing,after questionnairs,7781.064999988303,/task/29849/3/asset/Dog.mp3,1
3,1562173820101,03/07/2019 17:10:20,1562173819136,1,03/07/2019 18:10:19,8449,8,task-jgum,,2760152,5a0c438a728b1b0001ad9683,765978,,complete,,5d1ce0dd57b8ba00175c4d9f,computer,Desktop or Laptop,Windows 10,Chrome 75.0.3770.100,1366x768,1366x657,after questionnairs,HeadphonesCheck,3,High to Low,after consent,after demographics,after training,after fishing,after questionnairs,2355.4500000027474,/task/29849/3/asset/Owl.mp3,0
4,1562173823198,03/07/2019 17:10:23,1562173822254,1,03/07/2019 18:10:22,8449,8,task-jgum,,2760152,5a0c438a728b1b0001ad9683,765978,,complete,,5d1ce0dd57b8ba00175c4d9f,computer,Desktop or Laptop,Windows 10,Chrome 75.0.3770.100,1366x768,1366x657,after questionnairs,HeadphonesCheck,3,High to Low,after consent,after demographics,after training,after fishing,after questionnairs,3113.370000006398,/task/29849/3/asset/Goat.mp3,0
1,1562173876399,03/07/2019 17:11:16,1562173874866,1,03/07/2019 18:11:14,8449,8,task-jgum,,2760167,5cab28d65642d20011cad10e,765983,,complete,,5d1ce17c9fab6a001c562a3a,computer,Desktop or Laptop,Windows 10,Chrome 75.0.3770.100,1920x1080,1920x969,after questionnairs,HeadphonesCheck,3,Low to High,after consent,after demographics,after training,after fishing,after questionnairs,3861.1650000093505,"<p style=""color: black; font-size: 28px; font-weight: bold;"">This is a sound check. Please turn on the sound on.</p>",
2,1562173881982,03/07/2019 17:11:21,1562173880502,1,03/07/2019 18:11:20,8449,8,task-jgum,,2760167,5cab28d65642d20011cad10e,765983,,complete,,5d1ce17c9fab6a001c562a3a,computer,Desktop or Laptop,Windows 10,Chrome 75.0.3770.100,1920x1080,1920x969,after questionnairs,HeadphonesCheck,3,Low to High,after consent,after demographics,after training,after fishing,after questionnairs,5626.6300000716,/task/29849/3/asset/Dog.mp3,1
3,1562173884467,03/07/2019 17:11:24,1562173882988,1,03/07/2019 18:11:22,8449,8,task-jgum,,2760167,5cab28d65642d20011cad10e,765983,,complete,,5d1ce17c9fab6a001c562a3a,computer,Desktop or Laptop,Windows 10,Chrome 75.0.3770.100,1920x1080,1920x969,after questionnairs,HeadphonesCheck,3,Low to High,after consent,after demographics,after training,after fishing,after questionnairs,2484.319999930449,/task/29849/3/asset/Owl.mp3,0
4,1562173886345,03/07/2019 17:11:26,1562173884860,1,03/07/2019 18:11:24,8449,8,task-jgum,,2760167,5cab28d65642d20011cad10e,765983,,complete,,5d1ce17c9fab6a001c562a3a,computer,Desktop or Laptop,Windows 10,Chrome 75.0.3770.100,1920x1080,1920x969,after questionnairs,HeadphonesCheck,3,Low to High,after consent,after demographics,after training,after fishing,after questionnairs,1870.3499999828637,/task/29849/3/asset/Goat.mp3,0
1,1562173884903,03/07/2019 17:11:24,1562173884810,1,03/07/2019 18:11:24,8449,8,task-jgum,,2760168,5cd29f34354f490012008194,765982,,complete,,5d1ce17202e942001c152615,computer,Desktop or Laptop,Mac OS 10.14.5,Chrome 74.0.3729.169,1280x800,1280x615,after questionnairs,HeadphonesCheck,3,Low to High,after consent,after demographics,after training,after fishing,after questionnairs,3497.7400000207126,"<p style=""color: black; font-size: 28px; font-weight: bold;"">This is a sound check. Please turn on the sound on.</p>",
2,1562173887719,03/07/2019 17:11:27,1562173887673,1,03/07/2019 18:11:27,8449,8,task-jgum,,2760168,5cd29f34354f490012008194,765982,,complete,,5d1ce17202e942001c152615,computer,Desktop or Laptop,Mac OS 10.14.5,Chrome 74.0.3729.169,1280x800,1280x615,after questionnairs,HeadphonesCheck,3,Low to High,after consent,after demographics,after training,after fishing,after questionnairs,2859.024999983376,/task/29849/3/asset/Dog.mp3,1
3,1562173889939,03/07/2019 17:11:29,1562173889903,1,03/07/2019 18:11:29,8449,8,task-jgum,,2760168,5cd29f34354f490012008194,765982,,complete,,5d1ce17202e942001c152615,computer,Desktop or Laptop,Mac OS 10.14.5,Chrome 74.0.3729.169,1280x800,1280x615,after questionnairs,HeadphonesCheck,3,Low to High,after consent,after demographics,after training,after fishing,after questionnairs,2227.820000000065,/task/29849/3/asset/Owl.mp3,0
4,1562173892658,03/07/2019 17:11:32,1562173892631,1,03/07/2019 18:11:32,8449,8,task-jgum,,2760168,5cd29f34354f490012008194,765982,,complete,,5d1ce17202e942001c152615,computer,Desktop or Laptop,Mac OS 10.14.5,Chrome 74.0.3729.169,1280x800,1280x615,after questionnairs,HeadphonesCheck,3,Low to High,after consent,after demographics,after training,after fishing,after questionnairs,2725.219999992987,/task/29849/3/asset/Goat.mp3,0
1,1562174025875,03/07/2019 17:13:45,1562174021623,1,03/07/2019 18:13:41,8449,8,task-jgum,,2760183,55d5c5d9db6a810011fa0658,765985,,complete,,5d1ce1be423416001515ac7a,computer,Desktop or Laptop,Windows 10,Chrome 75.0.3770.100,1366x768,1366x657,after questionnairs,HeadphonesCheck,3,High to Low,after consent,after demographics,after training,after fishing,after questionnairs,6967.8100000019185,"<p style=""color: black; font-size: 28px; font-weight: bold;"">This is a sound check. Please turn on the sound on.</p>",
2,1562174029047,03/07/2019 17:13:49,1562174024860,1,03/07/2019 18:13:44,8449,8,task-jgum,,2760183,55d5c5d9db6a810011fa0658,765985,,complete,,5d1ce1be423416001515ac7a,computer,Desktop or Laptop,Windows 10,Chrome 75.0.3770.100,1366x768,1366x657,after questionnairs,HeadphonesCheck,3,High to Low,after consent,after demographics,after training,after fishing,after questionnairs,3202.3449999978766,/task/29849/3/asset/Dog.mp3,1
3,1562174031408,03/07/2019 17:13:51,1562174027220,1,03/07/2019 18:13:47,8449,8,task-jgum,,2760183,55d5c5d9db6a810011fa0658,765985,,complete,,5d1ce1be423416001515ac7a,computer,Desktop or Laptop,Windows 10,Chrome 75.0.3770.100,1366x768,1366x657,after questionnairs,HeadphonesCheck,3,High to Low,after consent,after demographics,after training,after fishing,after questionnairs,2357.5350000028266,/task/29849/3/asset/Owl.mp3,0
4,1562174032627,03/07/2019 17:13:52,1562174028451,1,03/07/2019 18:13:48,8449,8,task-jgum,,2760183,55d5c5d9db6a810011fa0658,765985,,complete,,5d1ce1be423416001515ac7a,computer,Desktop or Laptop,Windows 10,Chrome 75.0.3770.100,1366x768,1366x657,after questionnairs,HeadphonesCheck,3,High to Low,after consent,after demographics,after training,after fishing,after questionnairs,1228.7199999991572,/task/29849/3/asset/Goat.mp3,0
1,1562174179447,03/07/2019 17:16:19,1562174174112,1,03/07/2019 18:16:14,8449,8,task-jgum,,2760200,597da07b2cce5b0001d0ecca,765987,,complete,,5d1ce24daf0ce7001bbb67bb,computer,Desktop or Laptop,Windows 10,Chrome 75.0.3770.100,1920x1080,1536x750,after questionnairs,HeadphonesCheck,3,High to Low,after consent,after demographics,after training,after fishing,after questionnairs,7230.665000039153,"<p style=""color: black; font-size: 28px; font-weight: bold;"">This is a sound check. Please turn on the sound on.</p>",
2,1562174183625,03/07/2019 17:16:23,1562174178301,1,03/07/2019 18:16:18,8449,8,task-jgum,,2760200,597da07b2cce5b0001d0ecca,765987,,complete,,5d1ce24daf0ce7001bbb67bb,computer,Desktop or Laptop,Windows 10,Chrome 75.0.3770.100,1920x1080,1536x750,after questionnairs,HeadphonesCheck,3,High to Low,after consent,after demographics,after training,after fishing,after questionnairs,4176.48999998346,/task/29849/3/asset/Dog.mp3,1
3,1562174193016,03/07/2019 17:16:33,1562174180982,1,03/07/2019 18:16:20,8449,8,task-jgum,,2760200,597da07b2cce5b0001d0ecca,765987,,complete,,5d1ce24daf0ce7001bbb67bb,computer,Desktop or Laptop,Windows 10,Chrome 75.0.3770.100,1920x1080,1536x750,after questionnairs,HeadphonesCheck,3,High to Low,after consent,after demographics,after training,after fishing,after questionnairs,2678.0900000594556,/task/29849/3/asset/Owl.mp3,0
4,1562174193456,03/07/2019 17:16:33,1562174183304,1,03/07/2019 18:16:23,8449,8,task-jgum,,2760200,597da07b2cce5b0001d0ecca,765987,,complete,,5d1ce24daf0ce7001bbb67bb,computer,Desktop or Laptop,Windows 10,Chrome 75.0.3770.100,1920x1080,1536x750,after questionnairs,HeadphonesCheck,3,High to Low,after consent,after demographics,after training,after fishing,after questionnairs,2319.374999962747,/task/29849/3/asset/Goat.mp3,0
1,1562174383365,03/07/2019 17:19:43,1562174383430,-7,03/07/2019 10:19:43,8449,8,task-jgum,,2760229,56c2f65cc51218000c9786ff,765991,,complete,,5d1ce349b9b03c001798d4c6,computer,Desktop or Laptop,Windows 10,Chrome 75.0.3770.100,1920x1080,1920x969,after questionnairs,HeadphonesCheck,3,Low to High,after consent,after demographics,after training,after fishing,after questionnairs,9109.155000012834,"<p style=""color: black; font-size: 28px; font-weight: bold;"">This is a sound check. Please turn on the sound on.</p>",
2,1562174385696,03/07/2019 17:19:45,1562174385807,-7,03/07/2019 10:19:45,8449,8,task-jgum,,2760229,56c2f65cc51218000c9786ff,765991,,complete,,5d1ce349b9b03c001798d4c6,computer,Desktop or Laptop,Windows 10,Chrome 75.0.3770.100,1920x1080,1920x969,after questionnairs,HeadphonesCheck,3,Low to High,after consent,after demographics,after training,after fishing,after questionnairs,2366.15499999607,/task/29849/3/asset/Dog.mp3,1
3,1562174388071,03/07/2019 17:19:48,1562174388214,-7,03/07/2019 10:19:48,8449,8,task-jgum,,2760229,56c2f65cc51218000c9786ff,765991,,complete,,5d1ce349b9b03c001798d4c6,computer,Desktop or Laptop,Windows 10,Chrome 75.0.3770.100,1920x1080,1920x969,after questionnairs,HeadphonesCheck,3,Low to High,after consent,after demographics,after training,after fishing,after questionnairs,2403.7000000098487,/task/29849/3/asset/Owl.mp3,0
4,1562174389868,03/07/2019 17:19:49,1562174390002,-7,03/07/2019 10:19:50,8449,8,task-jgum,,2760229,56c2f65cc51218000c9786ff,765991,,complete,,5d1ce349b9b03c001798d4c6,computer,Desktop or Laptop,Windows 10,Chrome 75.0.3770.100,1920x1080,1920x969,after questionnairs,HeadphonesCheck,3,Low to High,after consent,after demographics,after training,after fishing,after questionnairs,1785.9600000083447,/task/29849/3/asset/Goat.mp3,0
1,1562174399508,03/07/2019 17:19:59,1562174399398,1,03/07/2019 18:19:59,8449,8,task-jgum,,2760234,5cb45ad50225590001acdb70,765992,,complete,,5d1ce31032934b00181589de,computer,Desktop or Laptop,Windows 10,Chrome 75.0.3770.100,1366x768,1366x657,after questionnairs,HeadphonesCheck,3,Low to High,after consent,after demographics,after training,after fishing,after questionnairs,6439.205000002403,"<p style=""color: black; font-size: 28px; font-weight: bold;"">This is a sound check. Please turn on the sound on.</p>",
2,1562174403494,03/07/2019 17:20:03,1562174403413,1,03/07/2019 18:20:03,8449,8,task-jgum,,2760234,5cb45ad50225590001acdb70,765992,,complete,,5d1ce31032934b00181589de,computer,Desktop or Laptop,Windows 10,Chrome 75.0.3770.100,1366x768,1366x657,after questionnairs,HeadphonesCheck,3,Low to High,after consent,after demographics,after training,after fishing,after questionnairs,4002.8999999922235,/task/29849/3/asset/Dog.mp3,1
3,1562174405665,03/07/2019 17:20:05,1562174405593,1,03/07/2019 18:20:05,8449,8,task-jgum,,2760234,5cb45ad50225590001acdb70,765992,,complete,,5d1ce31032934b00181589de,computer,Desktop or Laptop,Windows 10,Chrome 75.0.3770.100,1366x768,1366x657,after questionnairs,HeadphonesCheck,3,Low to High,after consent,after demographics,after training,after fishing,after questionnairs,2173.0399999942165,/task/29849/3/asset/Owl.mp3,0
4,1562174409571,03/07/2019 17:20:09,1562174409360,1,03/07/2019 18:20:09,8449,8,task-jgum,,2760234,5cb45ad50225590001acdb70,765992,,complete,,5d1ce31032934b00181589de,computer,Desktop or Laptop,Windows 10,Chrome 75.0.3770.100,1366x768,1366x657,after questionnairs,HeadphonesCheck,3,Low to High,after consent,after demographics,after training,after fishing,after questionnairs,3764.019999973243,/task/29849/3/asset/Goat.mp3,0
1,1562174438095,03/07/2019 17:20:38,1562174437939,-4,03/07/2019 13:20:37,8449,8,task-jgum,,2760239,5b1ee62544127b000140123a,765993,,complete,,5d1ce34a95a9c100168844f5,computer,Desktop or Laptop,Windows 10,Chrome 74.0.3729.131,1366x768,1366x625,after questionnairs,HeadphonesCheck,3,Low to High,after consent,after demographics,after training,after fishing,after questionnairs,12330.569999292493,"<p style=""color: black; font-size: 28px; font-weight: bold;"">This is a sound check. Please turn on the sound on.</p>",
2,1562174441736,03/07/2019 17:20:41,1562174441399,-4,03/07/2019 13:20:41,8449,8,task-jgum,,2760239,5b1ee62544127b000140123a,765993,,complete,,5d1ce34a95a9c100168844f5,computer,Desktop or Laptop,Windows 10,Chrome 74.0.3729.131,1366x768,1366x625,after questionnairs,HeadphonesCheck,3,Low to High,after consent,after demographics,after training,after fishing,after questionnairs,3450.5600007250905,/task/29849/3/asset/Dog.mp3,1
3,1562174446766,03/07/2019 17:20:46,1562174446658,-4,03/07/2019 13:20:46,8449,8,task-jgum,,2760239,5b1ee62544127b000140123a,765993,,complete,,5d1ce34a95a9c100168844f5,computer,Desktop or Laptop,Windows 10,Chrome 74.0.3729.131,1366x768,1366x625,after questionnairs,HeadphonesCheck,3,Low to High,after consent,after demographics,after training,after fishing,after questionnairs,5254.820000380278,/task/29849/3/asset/Owl.mp3,0
4,1562174448501,03/07/2019 17:20:48,1562174448401,-4,03/07/2019 13:20:48,8449,8,task-jgum,,2760239,5b1ee62544127b000140123a,765993,,complete,,5d1ce34a95a9c100168844f5,computer,Desktop or Laptop,Windows 10,Chrome 74.0.3729.131,1366x768,1366x625,after questionnairs,HeadphonesCheck,3,Low to High,after consent,after demographics,after training,after fishing,after questionnairs,1739.9900006130338,/task/29849/3/asset/Goat.mp3,0
1,1562174500565,03/07/2019 17:21:40,1562174501078,-4,03/07/2019 13:21:41,8449,8,task-jgum,,2760255,5be04ea54a5e53000157ac4f,765995,,complete,,5d1ce3c933e4b60019b14af9,computer,Desktop or Laptop,Windows 10,Chrome 75.0.3770.100,1536x864,1536x730,after questionnairs,HeadphonesCheck,3,Low to High,after consent,after demographics,after training,after fishing,after questionnairs,6488.790000003064,"<p style=""color: black; font-size: 28px; font-weight: bold;"">This is a sound check. Please turn on the sound on.</p>",
2,1562174505290,03/07/2019 17:21:45,1562174505830,-4,03/07/2019 13:21:45,8449,8,task-jgum,,2760255,5be04ea54a5e53000157ac4f,765995,,complete,,5d1ce3c933e4b60019b14af9,computer,Desktop or Laptop,Windows 10,Chrome 75.0.3770.100,1536x864,1536x730,after questionnairs,HeadphonesCheck,3,Low to High,after consent,after demographics,after training,after fishing,after questionnairs,4738.419999979669,/task/29849/3/asset/Dog.mp3,1
3,1562174507691,03/07/2019 17:21:47,1562174508241,-4,03/07/2019 13:21:48,8449,8,task-jgum,,2760255,5be04ea54a5e53000157ac4f,765995,,complete,,5d1ce3c933e4b60019b14af9,computer,Desktop or Laptop,Windows 10,Chrome 75.0.3770.100,1536x864,1536x730,after questionnairs,HeadphonesCheck,3,Low to High,after consent,after demographics,after training,after fishing,after questionnairs,2406.760000012582,/task/29849/3/asset/Owl.mp3,0
4,1562174509801,03/07/2019 17:21:49,1562174510374,-4,03/07/2019 13:21:50,8449,8,task-jgum,,2760255,5be04ea54a5e53000157ac4f,765995,,complete,,5d1ce3c933e4b60019b14af9,computer,Desktop or Laptop,Windows 10,Chrome 75.0.3770.100,1536x864,1536x730,after questionnairs,HeadphonesCheck,3,Low to High,after consent,after demographics,after training,after fishing,after questionnairs,2130.494999990333,/task/29849/3/asset/Goat.mp3,0
1,1562174815356,03/07/2019 17:26:55,1562174815079,1,03/07/2019 18:26:55,8449,8,task-jgum,,2760297,5a4a93ab35c9d50001fdd082,766000,,complete,,5d1ce48e55b364001a976abe,computer,Desktop or Laptop,Windows 10,Chrome 75.0.3770.100,1366x768,1366x657,after questionnairs,HeadphonesCheck,3,High to Low,after consent,after demographics,after training,after fishing,after questionnairs,33498.29000001773,"<p style=""color: black; font-size: 28px; font-weight: bold;"">This is a sound check. Please turn on the sound on.</p>",
2,1562174823610,03/07/2019 17:27:03,1562174823418,1,03/07/2019 18:27:03,8449,8,task-jgum,,2760297,5a4a93ab35c9d50001fdd082,766000,,complete,,5d1ce48e55b364001a976abe,computer,Desktop or Laptop,Windows 10,Chrome 75.0.3770.100,1366x768,1366x657,after questionnairs,HeadphonesCheck,3,High to Low,after consent,after demographics,after training,after fishing,after questionnairs,8321.02000003215,/task/29849/3/asset/Dog.mp3,1
3,1562174832610,03/07/2019 17:27:12,1562174832412,1,03/07/2019 18:27:12,8449,8,task-jgum,,2760297,5a4a93ab35c9d50001fdd082,766000,,complete,,5d1ce48e55b364001a976abe,computer,Desktop or Laptop,Windows 10,Chrome 75.0.3770.100,1366x768,1366x657,after questionnairs,HeadphonesCheck,3,High to Low,after consent,after demographics,after training,after fishing,after questionnairs,8990.564999985509,/task/29849/3/asset/Owl.mp3,0
4,1562174835843,03/07/2019 17:27:15,1562174835767,1,03/07/2019 18:27:15,8449,8,task-jgum,,2760297,5a4a93ab35c9d50001fdd082,766000,,complete,,5d1ce48e55b364001a976abe,computer,Desktop or Laptop,Windows 10,Chrome 75.0.3770.100,1366x768,1366x657,after questionnairs,HeadphonesCheck,3,High to Low,after consent,after demographics,after training,after fishing,after questionnairs,3351.869999896735,/task/29849/3/asset/Goat.mp3,0
1,1562174816340,03/07/2019 17:26:56,1562174818979,1,03/07/2019 18:26:58,8449,8,task-jgum,,2760298,5b65538ab7193d00012f6e47,766002,,complete,,5d1ce465153c720001986b43,computer,Desktop or Laptop,Windows 10,Chrome 75.0.3770.100,1366x768,1366x657,after questionnairs,HeadphonesCheck,3,High to Low,after consent,after demographics,after training,after fishing,after questionnairs,21159.740000002785,"<p style=""color: black; font-size: 28px; font-weight: bold;"">This is a sound check. Please turn on the sound on.</p>",
2,1562174822657,03/07/2019 17:27:02,1562174825329,1,03/07/2019 18:27:05,8449,8,task-jgum,,2760298,5b65538ab7193d00012f6e47,766002,,complete,,5d1ce465153c720001986b43,computer,Desktop or Laptop,Windows 10,Chrome 75.0.3770.100,1366x768,1366x657,after questionnairs,HeadphonesCheck,3,High to Low,after consent,after demographics,after training,after fishing,after questionnairs,6334.9100000050385,/task/29849/3/asset/Dog.mp3,1
3,1562174825485,03/07/2019 17:27:05,1562174828204,1,03/07/2019 18:27:08,8449,8,task-jgum,,2760298,5b65538ab7193d00012f6e47,766002,,complete,,5d1ce465153c720001986b43,computer,Desktop or Laptop,Windows 10,Chrome 75.0.3770.100,1366x768,1366x657,after questionnairs,HeadphonesCheck,3,High to Low,after consent,after demographics,after training,after fishing,after questionnairs,2868.285000004107,/task/29849/3/asset/Owl.mp3,0
4,1562174831032,03/07/2019 17:27:11,1562174833751,1,03/07/2019 18:27:13,8449,8,task-jgum,,2760298,5b65538ab7193d00012f6e47,766002,,complete,,5d1ce465153c720001986b43,computer,Desktop or Laptop,Windows 10,Chrome 75.0.3770.100,1366x768,1366x657,after questionnairs,HeadphonesCheck,3,High to Low,after consent,after demographics,after training,after fishing,after questionnairs,5543.63500000909,/task/29849/3/asset/Goat.mp3,0
1,1562174886308,03/07/2019 17:28:06,1562174883084,-4,03/07/2019 13:28:03,8449,8,task-jgum,,2760313,5c38b2194a45dc0001654e0c,766005,,complete,,5d1ce46145ebdb00179ae2d9,computer,Desktop or Laptop,Windows 10,Chrome 75.0.3770.100,1920x1080,1333x1156,after questionnairs,HeadphonesCheck,3,High to Low,after consent,after demographics,after training,after fishing,after questionnairs,3796.074999962002,"<p style=""color: black; font-size: 28px; font-weight: bold;"">This is a sound check. Please turn on the sound on.</p>",
2,1562174891000,03/07/2019 17:28:11,1562174887813,-4,03/07/2019 13:28:07,8449,8,task-jgum,,2760313,5c38b2194a45dc0001654e0c,766005,,complete,,5d1ce46145ebdb00179ae2d9,computer,Desktop or Laptop,Windows 10,Chrome 75.0.3770.100,1920x1080,1333x1156,after questionnairs,HeadphonesCheck,3,High to Low,after consent,after demographics,after training,after fishing,after questionnairs,4722.190000116825,/task/29849/3/asset/Dog.mp3,1
3,1562174892953,03/07/2019 17:28:12,1562174889766,-4,03/07/2019 13:28:09,8449,8,task-jgum,,2760313,5c38b2194a45dc0001654e0c,766005,,complete,,5d1ce46145ebdb00179ae2d9,computer,Desktop or Laptop,Windows 10,Chrome 75.0.3770.100,1920x1080,1333x1156,after questionnairs,HeadphonesCheck,3,High to Low,after consent,after demographics,after training,after fishing,after questionnairs,1951.3499999884516,/task/29849/3/asset/Owl.mp3,0
4,1562174894359,03/07/2019 17:28:14,1562174891195,-4,03/07/2019 13:28:11,8449,8,task-jgum,,2760313,5c38b2194a45dc0001654e0c,766005,,complete,,5d1ce46145ebdb00179ae2d9,computer,Desktop or Laptop,Windows 10,Chrome 75.0.3770.100,1920x1080,1333x1156,after questionnairs,HeadphonesCheck,3,High to Low,after consent,after demographics,after training,after fishing,after questionnairs,1426.695000147447,/task/29849/3/asset/Goat.mp3,0
1,1562175133710,03/07/2019 17:32:13,1562175134388,-3,03/07/2019 14:32:14,8449,8,task-jgum,,2760363,5cd8caa58dcfe200197d9881,766004,,complete,,5d1ce474f2b068001ab63588,computer,Desktop or Laptop,Windows 10,Chrome 75.0.3770.100,1366x768,1366x667,after questionnairs,HeadphonesCheck,3,Low to High,after consent,after demographics,after training,after fishing,after questionnairs,5771.639999933541,"<p style=""color: black; font-size: 28px; font-weight: bold;"">This is a sound check. Please turn on the sound on.</p>",
2,1562175137293,03/07/2019 17:32:17,1562175138034,-3,03/07/2019 14:32:18,8449,8,task-jgum,,2760363,5cd8caa58dcfe200197d9881,766004,,complete,,5d1ce474f2b068001ab63588,computer,Desktop or Laptop,Windows 10,Chrome 75.0.3770.100,1366x768,1366x667,after questionnairs,HeadphonesCheck,3,Low to High,after consent,after demographics,after training,after fishing,after questionnairs,3596.129999961704,/task/29849/3/asset/Dog.mp3,1
3,1562175139981,03/07/2019 17:32:19,1562175140735,-3,03/07/2019 14:32:20,8449,8,task-jgum,,2760363,5cd8caa58dcfe200197d9881,766004,,complete,,5d1ce474f2b068001ab63588,computer,Desktop or Laptop,Windows 10,Chrome 75.0.3770.100,1366x768,1366x667,after questionnairs,HeadphonesCheck,3,Low to High,after consent,after demographics,after training,after fishing,after questionnairs,2695.0550000183284,/task/29849/3/asset/Owl.mp3,0
4,1562175142437,03/07/2019 17:32:22,1562175143167,-3,03/07/2019 14:32:23,8449,8,task-jgum,,2760363,5cd8caa58dcfe200197d9881,766004,,complete,,5d1ce474f2b068001ab63588,computer,Desktop or Laptop,Windows 10,Chrome 75.0.3770.100,1366x768,1366x667,after questionnairs,HeadphonesCheck,3,Low to High,after consent,after demographics,after training,after fishing,after questionnairs,2425.2500000875443,/task/29849/3/asset/Goat.mp3,0
1,1562178762375,03/07/2019 18:32:42,1562178763216,1,03/07/2019 19:32:43,8449,8,task-jgum,,2761052,5663efdd1e460a0011633801,766092,,complete,,5d1cf4569f866e001fe8348e,computer,Desktop or Laptop,Windows 10,Chrome 74.0.3729.131,1366x768,1366x625,after questionnairs,HeadphonesCheck,3,High to Low,after consent,after demographics,after training,after fishing,after questionnairs,2537.1750006452203,"<p style=""color: black; font-size: 28px; font-weight: bold;"">This is a sound check. Please turn on the sound on.</p>",
2,1562178764957,03/07/2019 18:32:44,1562178765843,1,03/07/2019 19:32:45,8449,8,task-jgum,,2761052,5663efdd1e460a0011633801,766092,,complete,,5d1cf4569f866e001fe8348e,computer,Desktop or Laptop,Windows 10,Chrome 74.0.3729.131,1366x768,1366x625,after questionnairs,HeadphonesCheck,3,High to Low,after consent,after demographics,after training,after fishing,after questionnairs,2621.8800004571676,/task/29849/3/asset/Dog.mp3,1
3,1562178768113,03/07/2019 18:32:48,1562178768999,1,03/07/2019 19:32:48,8449,8,task-jgum,,2761052,5663efdd1e460a0011633801,766092,,complete,,5d1cf4569f866e001fe8348e,computer,Desktop or Laptop,Windows 10,Chrome 74.0.3729.131,1366x768,1366x625,after questionnairs,HeadphonesCheck,3,High to Low,after consent,after demographics,after training,after fishing,after questionnairs,3153.704999946058,/task/29849/3/asset/Owl.mp3,0
4,1562178770176,03/07/2019 18:32:50,1562178771071,1,03/07/2019 19:32:51,8449,8,task-jgum,,2761052,5663efdd1e460a0011633801,766092,,complete,,5d1cf4569f866e001fe8348e,computer,Desktop or Laptop,Windows 10,Chrome 74.0.3729.131,1366x768,1366x625,after questionnairs,HeadphonesCheck,3,High to Low,after consent,after demographics,after training,after fishing,after questionnairs,2069.6050003170967,/task/29849/3/asset/Goat.mp3,0
1,1562198090559,03/07/2019 23:54:50,1562198090439,-4,03/07/2019 19:54:50,8449,8,task-jgum,,2761916,5b8c12882cb1e4000133137e,766229,,complete,,5d1d3fa2a7056c000174ff7d,computer,Desktop or Laptop,Windows 10,Chrome 75.0.3770.100,1536x864,1536x722,after questionnairs,HeadphonesCheck,3,High to Low,after consent,after demographics,after training,after fishing,after questionnairs,13507.545000000391,"<p style=""color: black; font-size: 28px; font-weight: bold;"">This is a sound check. Please turn on the sound on.</p>",
2,1562198095896,03/07/2019 23:54:55,1562198095837,-4,03/07/2019 19:54:55,8449,8,task-jgum,,2761916,5b8c12882cb1e4000133137e,766229,,complete,,5d1d3fa2a7056c000174ff7d,computer,Desktop or Laptop,Windows 10,Chrome 75.0.3770.100,1536x864,1536x722,after questionnairs,HeadphonesCheck,3,High to Low,after consent,after demographics,after training,after fishing,after questionnairs,5390.299999999115,/task/29849/3/asset/Dog.mp3,1
3,1562198098361,03/07/2019 23:54:58,1562198098322,-4,03/07/2019 19:54:58,8449,8,task-jgum,,2761916,5b8c12882cb1e4000133137e,766229,,complete,,5d1d3fa2a7056c000174ff7d,computer,Desktop or Laptop,Windows 10,Chrome 75.0.3770.100,1536x864,1536x722,after questionnairs,HeadphonesCheck,3,High to Low,after consent,after demographics,after training,after fishing,after questionnairs,2482.575000001816,/task/29849/3/asset/Owl.mp3,0
4,1562198100127,03/07/2019 23:55:00,1562198100086,-4,03/07/2019 19:55:00,8449,8,task-jgum,,2761916,5b8c12882cb1e4000133137e,766229,,complete,,5d1d3fa2a7056c000174ff7d,computer,Desktop or Laptop,Windows 10,Chrome 75.0.3770.100,1536x864,1536x722,after questionnairs,HeadphonesCheck,3,High to Low,after consent,after demographics,after training,after fishing,after questionnairs,1761.2650000010035,/task/29849/3/asset/Goat.mp3,0
END OF FILE
