Event Index,UTC Timestamp,UTC Date,Local Timestamp,Local Timezone,Local Date,Experiment ID,Experiment Version,Tree Node Key,Repeat Key,Schedule ID,Participant Public ID,Participant Private ID,Participant Starting Group,Participant Status,Participant Completion Code,Participant External Session ID,Participant Device Type,Participant Device,Participant OS,Participant Browser,Participant Monitor Size,Participant Viewport Size,Checkpoint,Task Name,Task Version,randomiser-mgaa,checkpoint-z52s,checkpoint-u6nu,checkpoint-puaw,checkpoint-axcr,checkpoint-mrc4,choice made,reaction time
1,1554475656324,05/04/2019 14:47:36,1554475655750,1,05/04/2019 15:47:35,6138,39,task-w8es,,2417229,5afc4671bb36f900018ef1fe,668225,,complete,,5ca7660098b35f0001f7564b,computer,Desktop or Laptop,Windows 7,Chrome 73.0.3683.75,1280x1024,1280x881,after questionnairs,HADS,4,Low to High,after consent,after demographics,after training,after fishing,after questionnairs,"{""Q0"":""From time to time, occasionally"",""Q1"":""Sometimes"",""Q2"":""Not quite so much"",""Q3"":""Occasionally"",""Q4"":""A little, but it doesn't worry me"",""Q5"":""I don't take as much care as I should"",""Q6"":""As much as I always could"",""Q7"":""Not very much"",""Q8"":""From time to time, but not too often"",""Q9"":""Rather less than I used to"",""Q10"":""Most of the time"",""Q11"":""Not at all"",""Q12"":""Not very often"",""Q13"":""Usually"",""Q14"":""Often""}",67737.59500007145
1,1554475724480,05/04/2019 14:48:44,1554475721819,-4,05/04/2019 10:48:41,6138,39,task-w8es,,2417243,5a75c98cae9a0b0001a95926,668220,,complete,,5ca76577b98ee20015d6dc74,computer,Desktop or Laptop,Windows 7,Chrome 73.0.3683.86,1920x1080,1920x969,after questionnairs,HADS,4,Low to High,after consent,after demographics,after training,after fishing,after questionnairs,"{""Q0"":""Not at all"",""Q1"":""Not at all"",""Q2"":""Definitely as much"",""Q3"":""Not at all"",""Q4"":""Not at all"",""Q5"":""I take just as much care as ever"",""Q6"":""As much as I always could"",""Q7"":""Not at all"",""Q8"":""Only occasionally"",""Q9"":""As much as I ever did"",""Q10"":""Most of the time"",""Q11"":""Not at all"",""Q12"":""Not at all"",""Q13"":""Definitely"",""Q14"":""Often""}",62976.27499999999
1,1554476205035,05/04/2019 14:56:45,1554476207211,-4,05/04/2019 10:56:47,6138,39,task-w8es,,2417290,5a2164f01a1ad3000138f7f9,668237,,complete,,5ca7671a716aef0017078fac,computer,Desktop or Laptop,Windows 10,Chrome 73.0.3683.86,1366x768,1366x625,after questionnairs,HADS,4,High to Low,after consent,after demographics,after training,after fishing,after questionnairs,"{""Q0"":""From time to time, occasionally"",""Q1"":""Not at all"",""Q2"":""Definitely as much"",""Q3"":""Occasionally"",""Q4"":""Yes, but not too badly"",""Q5"":""I take just as much care as ever"",""Q6"":""As much as I always could"",""Q7"":""Not very much"",""Q8"":""A lot of the time"",""Q9"":""As much as I ever did"",""Q10"":""Most of the time"",""Q11"":""Not at all"",""Q12"":""Not very often"",""Q13"":""Usually"",""Q14"":""Often""}",73535.90000001714
1,1554476177221,05/04/2019 14:56:17,1554476178068,-4,05/04/2019 10:56:18,6138,39,task-w8es,,2417291,5af6a7cde066a40001134a37,668239,,complete,,5ca7674e64dec700160dae51,computer,Desktop or Laptop,Windows 10,Chrome 73.0.3683.86,1920x1080,1920x969,after questionnairs,HADS,4,High to Low,after consent,after demographics,after training,after fishing,after questionnairs,"{""Q0"":""From time to time, occasionally"",""Q1"":""Very often"",""Q2"":""Only a little"",""Q3"":""Quite Often"",""Q4"":""Yes, but not too badly"",""Q5"":""I don't take as much care as I should"",""Q6"":""Not quite so much now"",""Q7"":""Not at all"",""Q8"":""A great deal of the time"",""Q9"":""Hardly at all"",""Q10"":""Not at all"",""Q11"":""Not at all"",""Q12"":""Quite often"",""Q13"":""Not Often"",""Q14"":""Often""}",47889.799999997194
1,1554476376279,05/04/2019 14:59:36,1554476375701,1,05/04/2019 15:59:35,6138,39,task-w8es,,2417305,5c235c04a74d6400016e4179,668249,,complete,,5ca768470aa7300001f4ecb2,computer,Desktop or Laptop,Windows 10,Chrome 73.0.3683.86,1920x1080,1920x1009,after questionnairs,HADS,4,Low to High,after consent,after demographics,after training,after fishing,after questionnairs,"{""Q0"":""Not at all"",""Q1"":""Not at all"",""Q2"":""Definitely as much"",""Q3"":""Quite Often"",""Q4"":""Not at all"",""Q5"":""Definitely"",""Q6"":""Not quite so much now"",""Q7"":""Not very much"",""Q8"":""A great deal of the time"",""Q9"":""Definitely less than I used to"",""Q10"":""Not often"",""Q11"":""Not at all"",""Q12"":""Quite often"",""Q13"":""Usually"",""Q14"":""Often""}",43704.31000000007
1,1554476436117,05/04/2019 15:00:36,1554476425587,1,05/04/2019 16:00:25,6138,39,task-w8es,,2417306,5978142b21bc3d0001a1d2b6,668245,,complete,,5ca76813253fd60001d258f7,computer,Desktop or Laptop,Chromium OS 11647.104.0,Chrome 73.0.3683.88,1366x768,1366x641,after questionnairs,HADS,4,Low to High,after consent,after demographics,after training,after fishing,after questionnairs,"{""Q0"":""From time to time, occasionally"",""Q1"":""Sometimes"",""Q2"":""Not quite so much"",""Q3"":""Occasionally"",""Q4"":""A little, but it doesn't worry me"",""Q5"":""I don't take as much care as I should"",""Q6"":""Not quite so much now"",""Q7"":""Not very much"",""Q8"":""From time to time, but not too often"",""Q9"":""As much as I ever did"",""Q10"":""Most of the time"",""Q11"":""Not at all"",""Q12"":""Not very often"",""Q13"":""Definitely"",""Q14"":""Sometimes""}",85188.54499999997
2,1554476508200,05/04/2019 15:01:48,1554476507753,1,05/04/2019 16:01:47,6138,39,task-w8es,,2417306,5978142b21bc3d0001a1d2b6,668245,,complete,,5ca76813253fd60001d258f7,computer,Desktop or Laptop,Chromium OS 11647.104.0,Chrome 73.0.3683.88,1366x768,1366x641,after questionnairs,HADS,4,Low to High,after consent,after demographics,after training,after fishing,after questionnairs,"{""Q0"":""From time to time, occasionally"",""Q1"":""Sometimes"",""Q2"":""Definitely as much"",""Q3"":""Occasionally"",""Q4"":""A little, but it doesn't worry me"",""Q5"":""I don't take as much care as I should"",""Q6"":""As much as I always could"",""Q7"":""Not very much"",""Q8"":""From time to time, but not too often"",""Q9"":""As much as I ever did"",""Q10"":""Most of the time"",""Q11"":""Not at all"",""Q12"":""Not very often"",""Q13"":""Definitely"",""Q14"":""Sometimes""}",64414.745000000046
1,1554476416575,05/04/2019 15:00:16,1554476417286,-5,05/04/2019 10:00:17,6138,39,task-w8es,,2417309,5be607e617a93400011b2b6a,668254,,complete,,5ca768b39d7912000165f886,computer,Desktop or Laptop,Windows 10,Chrome 73.0.3683.86,1920x1080,1920x937,after questionnairs,HADS,4,Low to High,after consent,after demographics,after training,after fishing,after questionnairs,"{""Q0"":""From time to time, occasionally"",""Q1"":""Sometimes"",""Q2"":""Not quite so much"",""Q3"":""Occasionally"",""Q4"":""Not at all"",""Q5"":""I take just as much care as ever"",""Q6"":""Not quite so much now"",""Q7"":""Quite a lot"",""Q8"":""From time to time, but not too often"",""Q9"":""Rather less than I used to"",""Q10"":""Sometimes"",""Q11"":""Not at all"",""Q12"":""Not at all"",""Q13"":""Usually"",""Q14"":""Sometimes""}",52951.3099999167
1,1554476423792,05/04/2019 15:00:23,1554476423480,1,05/04/2019 16:00:23,6138,39,task-w8es,,2417311,5a7a0d8df49c9a0001f31b73,668246,,complete,,5ca7682ac9c35900172800b9,computer,Desktop or Laptop,Windows 7,Chrome 72.0.3626.121,1920x1080,1920x1009,after questionnairs,HADS,4,High to Low,after consent,after demographics,after training,after fishing,after questionnairs,"{""Q0"":""Most of the time"",""Q1"":""Very often"",""Q2"":""Definitely as much"",""Q3"":""Occasionally"",""Q4"":""Very definitely and quite badly"",""Q5"":""I don't take as much care as I should"",""Q6"":""As much as I always could"",""Q7"":""Quite a lot"",""Q8"":""A great deal of the time"",""Q9"":""Hardly at all"",""Q10"":""Not often"",""Q11"":""Not at all"",""Q12"":""Very often indeed"",""Q13"":""Not Often"",""Q14"":""Very seldom""}",50441.91999998293
1,1554476606897,05/04/2019 15:03:26,1554476607067,1,05/04/2019 16:03:27,6138,39,task-w8es,,2417328,59220a3e9098900001b55aaa,668240,,complete,,5ca767d2685e370001b6fb08,computer,Desktop or Laptop,Windows 10,Firefox 66.0,1920x1080,1920x916,after questionnairs,HADS,4,Low to High,after consent,after demographics,after training,after fishing,after questionnairs,"{""Q0"":""From time to time, occasionally"",""Q1"":""Sometimes"",""Q2"":""Not quite so much"",""Q3"":""Occasionally"",""Q4"":""Not at all"",""Q5"":""I don't take as much care as I should"",""Q6"":""Not quite so much now"",""Q7"":""Not very much"",""Q8"":""A lot of the time"",""Q9"":""Definitely less than I used to"",""Q10"":""Sometimes"",""Q11"":""Not at all"",""Q12"":""Not very often"",""Q13"":""Usually"",""Q14"":""Often""}",76431
1,1554476741902,05/04/2019 15:05:41,1554476741776,1,05/04/2019 16:05:41,6138,39,task-w8es,,2417339,590b3b8fc0b47a00019944a9,668251,,complete,,5ca7687d4e1823001a06157f,computer,Desktop or Laptop,Mac OS 10.11.6,Chrome 73.0.3683.86,1680x1050,1646x890,after questionnairs,HADS,4,High to Low,after consent,after demographics,after training,after fishing,after questionnairs,"{""Q0"":""From time to time, occasionally"",""Q1"":""Sometimes"",""Q2"":""Only a little"",""Q3"":""Occasionally"",""Q4"":""Yes, but not too badly"",""Q5"":""I take just as much care as ever"",""Q6"":""As much as I always could"",""Q7"":""Not very much"",""Q8"":""From time to time, but not too often"",""Q9"":""Rather less than I used to"",""Q10"":""Most of the time"",""Q11"":""Not at all"",""Q12"":""Not very often"",""Q13"":""Usually"",""Q14"":""Often""}",64144.00000000023
1,1554476774448,05/04/2019 15:06:14,1554476774165,1,05/04/2019 16:06:14,6138,39,task-w8es,,2417343,5c86d8c5332a8d0001e9577a,668262,,complete,,5ca769f52c8cb00001d1bc14,computer,Desktop or Laptop,Mac OS 10.13.6,Chrome 73.0.3683.86,1680x1050,1616x824,after questionnairs,HADS,4,Low to High,after consent,after demographics,after training,after fishing,after questionnairs,"{""Q0"":""From time to time, occasionally"",""Q1"":""Not at all"",""Q2"":""Not quite so much"",""Q3"":""Occasionally"",""Q4"":""Not at all"",""Q5"":""I take just as much care as ever"",""Q6"":""As much as I always could"",""Q7"":""Quite a lot"",""Q8"":""From time to time, but not too often"",""Q9"":""As much as I ever did"",""Q10"":""Most of the time"",""Q11"":""Not at all"",""Q12"":""Not at all"",""Q13"":""Definitely"",""Q14"":""Often""}",54554.01000000006
1,1554476816037,05/04/2019 15:06:56,1554476815743,1,05/04/2019 16:06:55,6138,39,task-w8es,,2417351,5bf555e5d944c300012622c7,668263,,complete,,5ca769f9c397ff001523ce18,computer,Desktop or Laptop,Windows 10,Chrome 73.0.3683.103,1440x900,1152x720,after questionnairs,HADS,4,High to Low,after consent,after demographics,after training,after fishing,after questionnairs,"{""Q0"":""A lot of the time"",""Q1"":""Sometimes"",""Q2"":""Only a little"",""Q3"":""Quite Often"",""Q4"":""Very definitely and quite badly"",""Q5"":""I don't take as much care as I should"",""Q6"":""Definitely not so much now"",""Q7"":""Not very much"",""Q8"":""A lot of the time"",""Q9"":""Rather less than I used to"",""Q10"":""Sometimes"",""Q11"":""Not at all"",""Q12"":""Quite often"",""Q13"":""Not Often"",""Q14"":""Sometimes""}",45152.79999998165
1,1554477039815,05/04/2019 15:10:39,1554477039497,1,05/04/2019 16:10:39,6138,39,task-w8es,,2417361,5c87c7dcd810a700149dce60,668253,,complete,,5ca768a878958e0016c4f3f5,computer,Desktop or Laptop,Windows 10,Chrome 73.0.3683.86,1280x720,1164x555,after questionnairs,HADS,4,Low to High,after consent,after demographics,after training,after fishing,after questionnairs,"{""Q0"":""From time to time, occasionally"",""Q1"":""Sometimes"",""Q2"":""Definitely as much"",""Q3"":""Not at all"",""Q4"":""Not at all"",""Q5"":""I take just as much care as ever"",""Q6"":""As much as I always could"",""Q7"":""Quite a lot"",""Q8"":""Only occasionally"",""Q9"":""As much as I ever did"",""Q10"":""Sometimes"",""Q11"":""Not at all"",""Q12"":""Not at all"",""Q13"":""Definitely"",""Q14"":""Often""}",173827.31500000227
1,1554829260413,09/04/2019 17:01:00,1554829261371,1,09/04/2019 18:01:01,6138,39,task-w8es,,2427645,5b4133cd9c2ec600014f2487,672586,,complete,,5cacc9df5c84190001a48665,computer,Desktop or Laptop,Windows 10,Edge 17.17134,1366x768,1366x651,after questionnairs,HADS,4,Low to High,after consent,after demographics,after training,after fishing,after questionnairs,"{""Q0"":""Most of the time"",""Q1"":""Sometimes"",""Q2"":""Only a little"",""Q3"":""Occasionally"",""Q4"":""Very definitely and quite badly"",""Q5"":""I don't take as much care as I should"",""Q6"":""Definitely not so much now"",""Q7"":""Quite a lot"",""Q8"":""A great deal of the time"",""Q9"":""As much as I ever did"",""Q10"":""Not often"",""Q11"":""Not at all"",""Q12"":""Quite often"",""Q13"":""Not Often"",""Q14"":""Sometimes""}",45328.79985386673
1,1554829334670,09/04/2019 17:02:14,1554829333099,1,09/04/2019 18:02:13,6138,39,task-w8es,,2427654,58740f5faff49500017b9b8e,672582,,complete,,5cacca0e9aab03001e8a7a5e,computer,Desktop or Laptop,Windows 10,Edge 18.17763,1536x864,1536x751,after questionnairs,HADS,4,Low to High,after consent,after demographics,after training,after fishing,after questionnairs,"{""Q0"":""From time to time, occasionally"",""Q1"":""Sometimes"",""Q2"":""Not quite so much"",""Q3"":""Occasionally"",""Q4"":""A little, but it doesn't worry me"",""Q5"":""I don't take as much care as I should"",""Q6"":""Not quite so much now"",""Q7"":""Not very much"",""Q8"":""Only occasionally"",""Q9"":""Rather less than I used to"",""Q10"":""Most of the time"",""Q11"":""Not at all"",""Q12"":""Not very often"",""Q13"":""Definitely"",""Q14"":""Often""}",56581.3
1,1554829431047,09/04/2019 17:03:51,1554829433180,1,09/04/2019 18:03:53,6138,39,task-w8es,,2427658,55cb92aafdf99b45e4bb1165,672581,,complete,,5cacc916001b5c0017be703a,computer,Desktop or Laptop,Windows 10,Firefox 66.0,1600x900,1600x774,after questionnairs,HADS,4,High to Low,after consent,after demographics,after training,after fishing,after questionnairs,"{""Q0"":""From time to time, occasionally"",""Q1"":""Sometimes"",""Q2"":""Not quite so much"",""Q3"":""Occasionally"",""Q4"":""Yes, but not too badly"",""Q5"":""I take just as much care as ever"",""Q6"":""As much as I always could"",""Q7"":""Not very much"",""Q8"":""A lot of the time"",""Q9"":""As much as I ever did"",""Q10"":""Sometimes"",""Q11"":""Not at all"",""Q12"":""Not very often"",""Q13"":""Definitely"",""Q14"":""Sometimes""}",103587
1,1554829436750,09/04/2019 17:03:56,1554829436970,1,09/04/2019 18:03:56,6138,39,task-w8es,,2427660,5c94b552cb58ab0001b9d859,672585,,complete,,5cacca7c40ed8e001637e253,computer,Desktop or Laptop,Windows 10,Edge 17.17134,1600x900,1600x783,after questionnairs,HADS,4,Low to High,after consent,after demographics,after training,after fishing,after questionnairs,"{""Q0"":""From time to time, occasionally"",""Q1"":""Sometimes"",""Q2"":""Definitely as much"",""Q3"":""Occasionally"",""Q4"":""Not at all"",""Q5"":""I may not take quite as much care"",""Q6"":""As much as I always could"",""Q7"":""Quite a lot"",""Q8"":""From time to time, but not too often"",""Q9"":""As much as I ever did"",""Q10"":""Most of the time"",""Q11"":""Not at all"",""Q12"":""Not at all"",""Q13"":""Definitely"",""Q14"":""Often""}",89187.79976096067
1,1554829624483,09/04/2019 17:07:04,1554829625395,1,09/04/2019 18:07:05,6138,39,task-w8es,,2427674,5b8db81463096c0001dc1609,672588,,complete,,5cacc577d39f3000150faec9,computer,Desktop or Laptop,Chromium OS 11647.104.0,Chrome 73.0.3683.88,1366x768,1366x697,after questionnairs,HADS,4,High to Low,after consent,after demographics,after training,after fishing,after questionnairs,"{""Q0"":""From time to time, occasionally"",""Q1"":""Sometimes"",""Q2"":""Not quite so much"",""Q3"":""Not at all"",""Q4"":""Very definitely and quite badly"",""Q5"":""I don't take as much care as I should"",""Q6"":""As much as I always could"",""Q7"":""Not very much"",""Q8"":""A great deal of the time"",""Q9"":""Hardly at all"",""Q10"":""Sometimes"",""Q11"":""Not at all"",""Q12"":""Not at all"",""Q13"":""Definitely"",""Q14"":""Often""}",89998.76000000017
1,1554829606470,09/04/2019 17:06:46,1554829604854,1,09/04/2019 18:06:44,6138,39,task-w8es,,2427676,59269aac7724de000109190f,672594,,complete,,5caccc16972681000106c11f,computer,Desktop or Laptop,Chromium OS 11316.165.0,Chrome 72.0.3626.122,1366x768,1366x609,after questionnairs,HADS,4,High to Low,after consent,after demographics,after training,after fishing,after questionnairs,"{""Q0"":""A lot of the time"",""Q1"":""Sometimes"",""Q2"":""Definitely as much"",""Q3"":""Occasionally"",""Q4"":""Yes, but not too badly"",""Q5"":""I take just as much care as ever"",""Q6"":""As much as I always could"",""Q7"":""Not very much"",""Q8"":""A great deal of the time"",""Q9"":""As much as I ever did"",""Q10"":""Most of the time"",""Q11"":""Not at all"",""Q12"":""Quite often"",""Q13"":""Usually"",""Q14"":""Sometimes""}",56638.35500006098
1,1554829730647,09/04/2019 17:08:50,1554829732465,1,09/04/2019 18:08:52,6138,39,task-w8es,,2427684,58ad509da7d4580001044215,672587,,complete,,5caccb5772576b0015da75b4,computer,Desktop or Laptop,Windows 10,Chrome 73.0.3683.86,1280x720,1280x616,after questionnairs,HADS,4,Low to High,after consent,after demographics,after training,after fishing,after questionnairs,"{""Q0"":""A lot of the time"",""Q1"":""Nearly all the time"",""Q2"":""Not quite so much"",""Q3"":""Quite Often"",""Q4"":""Very definitely and quite badly"",""Q5"":""I may not take quite as much care"",""Q6"":""Not quite so much now"",""Q7"":""Quite a lot"",""Q8"":""A lot of the time"",""Q9"":""Rather less than I used to"",""Q10"":""Sometimes"",""Q11"":""Not at all"",""Q12"":""Quite often"",""Q13"":""Not Often"",""Q14"":""Sometimes""}",73346.17999999318
1,1554829859351,09/04/2019 17:10:59,1554829857211,-4,09/04/2019 13:10:57,6138,39,task-w8es,,2427691,5c8324140322a90016b2558c,672590,,complete,,5cacca10001b5c0001be7037,computer,Desktop or Laptop,Windows 10,Chrome 73.0.3683.103,1360x768,1360x625,after questionnairs,HADS,4,High to Low,after consent,after demographics,after training,after fishing,after questionnairs,"{""Q0"":""A lot of the time"",""Q1"":""Very often"",""Q2"":""Not quite so much"",""Q3"":""Occasionally"",""Q4"":""Yes, but not too badly"",""Q5"":""I may not take quite as much care"",""Q6"":""As much as I always could"",""Q7"":""Not very much"",""Q8"":""A lot of the time"",""Q9"":""As much as I ever did"",""Q10"":""Sometimes"",""Q11"":""Not at all"",""Q12"":""Not very often"",""Q13"":""Usually"",""Q14"":""Often""}",132201.83500000008
1,1554829796704,09/04/2019 17:09:56,1554829796099,1,09/04/2019 18:09:56,6138,39,task-w8es,,2427697,57f697c6733f560001b5898b,672592,,complete,,5cacca415c3ab900152f55c6,computer,Desktop or Laptop,Windows 7,Firefox 66.0,1920x1080,1920x1079,after questionnairs,HADS,4,High to Low,after consent,after demographics,after training,after fishing,after questionnairs,"{""Q0"":""Most of the time"",""Q1"":""Nearly all the time"",""Q2"":""Only a little"",""Q3"":""Quite Often"",""Q4"":""Very definitely and quite badly"",""Q5"":""I take just as much care as ever"",""Q6"":""Definitely not so much now"",""Q7"":""Not very much"",""Q8"":""A great deal of the time"",""Q9"":""Hardly at all"",""Q10"":""Not often"",""Q11"":""Not at all"",""Q12"":""Quite often"",""Q13"":""Not at all"",""Q14"":""Very seldom""}",43964
1,1554829884255,09/04/2019 17:11:24,1554829881429,1,09/04/2019 18:11:21,6138,39,task-w8es,,2427706,5c4f22451b67050001c0ae68,672593,,complete,,5caccb87fec5ee00010f20f8,computer,Desktop or Laptop,Windows 10,Chrome 73.0.3683.86,1366x768,1366x625,after questionnairs,HADS,4,Low to High,after consent,after demographics,after training,after fishing,after questionnairs,"{""Q0"":""Not at all"",""Q1"":""Very often"",""Q2"":""Only a little"",""Q3"":""Occasionally"",""Q4"":""A little, but it doesn't worry me"",""Q5"":""I don't take as much care as I should"",""Q6"":""Not quite so much now"",""Q7"":""Quite a lot"",""Q8"":""A lot of the time"",""Q9"":""Rather less than I used to"",""Q10"":""Sometimes"",""Q11"":""Not at all"",""Q12"":""Quite often"",""Q13"":""Definitely"",""Q14"":""Often""}",60711.4450000081
1,1554830366631,09/04/2019 17:19:26,1554833954922,3,09/04/2019 21:19:14,6138,39,task-w8es,,2427732,5be376b6a0e7750001a053a4,672596,,complete,,5cacc5e8420bad00171db832,computer,Desktop or Laptop,Windows 10,Chrome 73.0.3683.86,1536x864,1536x763,after questionnairs,HADS,4,High to Low,after consent,after demographics,after training,after fishing,after questionnairs,"{""Q0"":""A lot of the time"",""Q1"":""Not at all"",""Q2"":""Definitely as much"",""Q3"":""Quite Often"",""Q4"":""Yes, but not too badly"",""Q5"":""Definitely"",""Q6"":""Definitely not so much now"",""Q7"":""Not very much"",""Q8"":""A lot of the time"",""Q9"":""As much as I ever did"",""Q10"":""Sometimes"",""Q11"":""Not at all"",""Q12"":""Not very often"",""Q13"":""Usually"",""Q14"":""Sometimes""}",122333.18000007421
1,1554830415575,09/04/2019 17:20:15,1554830406574,1,09/04/2019 18:20:06,6138,39,task-w8es,,2427740,5afc14a00b2d5f00015693b4,672595,,complete,,5cacca78976d010014b9cd8d,computer,Desktop or Laptop,Windows 10,Chrome 73.0.3683.103,1920x1080,1920x937,after questionnairs,HADS,4,Low to High,after consent,after demographics,after training,after fishing,after questionnairs,"{""Q0"":""A lot of the time"",""Q1"":""Sometimes"",""Q2"":""Definitely as much"",""Q3"":""Not at all"",""Q4"":""A little, but it doesn't worry me"",""Q5"":""I may not take quite as much care"",""Q6"":""Not quite so much now"",""Q7"":""Not very much"",""Q8"":""A lot of the time"",""Q9"":""Rather less than I used to"",""Q10"":""Not often"",""Q11"":""Not at all"",""Q12"":""Not very often"",""Q13"":""Usually"",""Q14"":""Often""}",98864.0149999992
1,1554830925017,09/04/2019 17:28:45,1554830924289,-7,09/04/2019 10:28:44,6138,39,task-w8es,,2427753,5c3d34e0e0ea820001460b7b,672611,,complete,,5cacd1150f757800019d0bdf,computer,Desktop or Laptop,Windows 10,Edge 18.17763,2021x1137,2021x1018,after questionnairs,HADS,4,Low to High,after consent,after demographics,after training,after fishing,after questionnairs,"{""Q0"":""A lot of the time"",""Q1"":""Sometimes"",""Q2"":""Not quite so much"",""Q3"":""Occasionally"",""Q4"":""A little, but it doesn't worry me"",""Q5"":""I take just as much care as ever"",""Q6"":""As much as I always could"",""Q7"":""Not very much"",""Q8"":""A lot of the time"",""Q9"":""As much as I ever did"",""Q10"":""Sometimes"",""Q11"":""Not at all"",""Q12"":""Not very often"",""Q13"":""Definitely"",""Q14"":""Often""}",64349.200000000004
1,1555084491380,12/04/2019 15:54:51,1555084491243,1,12/04/2019 16:54:51,6138,39,task-w8es,,2436630,5c34fc0848ad2900017e4e9f,675528,,complete,,5cb0af74db22ea001716a218,computer,Desktop or Laptop,Windows 10,Edge 18.17763,1255x706,1255x614,after questionnairs,HADS,4,Low to High,after consent,after demographics,after training,after fishing,after questionnairs,"{""Q0"":""From time to time, occasionally"",""Q1"":""Sometimes"",""Q2"":""Definitely as much"",""Q3"":""Very Often"",""Q4"":""Yes, but not too badly"",""Q5"":""I may not take quite as much care"",""Q6"":""Not quite so much now"",""Q7"":""Not very much"",""Q8"":""A great deal of the time"",""Q9"":""Rather less than I used to"",""Q10"":""Most of the time"",""Q11"":""Not at all"",""Q12"":""Quite often"",""Q13"":""Usually"",""Q14"":""Sometimes""}",76230.4
1,1555085809535,12/04/2019 16:16:49,1555085809200,-4,12/04/2019 12:16:49,6138,39,task-w8es,,2437531,58a477c660cd820001e9a5d6,675592,,complete,,5cb0b4a58a3bcd0017b8f768,computer,Desktop or Laptop,Windows 10,Firefox 66.0,1920x1080,1905x963,after questionnairs,HADS,4,Low to High,after consent,after demographics,after training,after fishing,after questionnairs,"{""Q0"":""From time to time, occasionally"",""Q1"":""Not at all"",""Q2"":""Not quite so much"",""Q3"":""Not at all"",""Q4"":""Not at all"",""Q5"":""I may not take quite as much care"",""Q6"":""As much as I always could"",""Q7"":""Not at all"",""Q8"":""Only occasionally"",""Q9"":""Rather less than I used to"",""Q10"":""Sometimes"",""Q11"":""Not at all"",""Q12"":""Not at all"",""Q13"":""Usually"",""Q14"":""Often""}",63845
1,1555085833123,12/04/2019 16:17:13,1555085834273,1,12/04/2019 17:17:14,6138,39,task-w8es,,2437536,5b15821c1e55760001ba20d0,675579,,complete,,5cb0b3dfced3ee00012b0e82,computer,Desktop or Laptop,Windows 10,Chrome 73.0.3683.103,1334x889,1334x747,after questionnairs,HADS,4,High to Low,after consent,after demographics,after training,after fishing,after questionnairs,"{""Q0"":""From time to time, occasionally"",""Q1"":""Sometimes"",""Q2"":""Definitely as much"",""Q3"":""Occasionally"",""Q4"":""A little, but it doesn't worry me"",""Q5"":""I take just as much care as ever"",""Q6"":""As much as I always could"",""Q7"":""Not at all"",""Q8"":""From time to time, but not too often"",""Q9"":""As much as I ever did"",""Q10"":""Most of the time"",""Q11"":""Not at all"",""Q12"":""Not very often"",""Q13"":""Definitely"",""Q14"":""Often""}",84756.54999981634
1,1555085856702,12/04/2019 16:17:36,1555085856807,1,12/04/2019 17:17:36,6138,39,task-w8es,,2437602,5778f087ca706f000190edbb,675577,,complete,,5cb0b3730afac600160ea92d,computer,Desktop or Laptop,Windows 7,IE 11.0,1438x808,1438x661,after questionnairs,HADS,4,High to Low,after consent,after demographics,after training,after fishing,after questionnairs,"{""Q0"":""A lot of the time"",""Q1"":""Sometimes"",""Q2"":""Not quite so much"",""Q3"":""Not at all"",""Q4"":""A little, but it doesn't worry me"",""Q5"":""Definitely"",""Q6"":""As much as I always could"",""Q7"":""Not very much"",""Q8"":""From time to time, but not too often"",""Q9"":""Definitely less than I used to"",""Q10"":""Sometimes"",""Q11"":""Not at all"",""Q12"":""Not very often"",""Q13"":""Not at all"",""Q14"":""Often""}",44494.60029618935
1,1555338742563,15/04/2019 14:32:22,1555338739558,1,15/04/2019 15:32:19,6138,39,task-w8es,,2463513,593f123d6b824b0001a70456,680109,,complete,,5cb491523a96b30016c8c0f2,computer,Desktop or Laptop,Windows 10,Firefox 66.0,1536x864,1536x728,after questionnairs,HADS,4,High to Low,after consent,after demographics,after training,after fishing,after questionnairs,"{""Q0"":""From time to time, occasionally"",""Q1"":""Not at all"",""Q2"":""Definitely as much"",""Q3"":""Occasionally"",""Q4"":""Yes, but not too badly"",""Q5"":""I may not take quite as much care"",""Q6"":""As much as I always could"",""Q7"":""Not very much"",""Q8"":""From time to time, but not too often"",""Q9"":""As much as I ever did"",""Q10"":""Most of the time"",""Q11"":""Not at all"",""Q12"":""Not very often"",""Q13"":""Definitely"",""Q14"":""Often""}",54546
1,1555338804870,15/04/2019 14:33:24,1555338802870,1,15/04/2019 15:33:22,6138,39,task-w8es,,2463522,5b5cab744e945800017d9daf,680119,,complete,,5cb4919c81f3750017ea44dc,computer,Desktop or Laptop,Windows 10,Chrome 73.0.3683.103,1368x912,1368x770,after questionnairs,HADS,4,Low to High,after consent,after demographics,after training,after fishing,after questionnairs,"{""Q0"":""A lot of the time"",""Q1"":""Very often"",""Q2"":""Only a little"",""Q3"":""Occasionally"",""Q4"":""Not at all"",""Q5"":""I don't take as much care as I should"",""Q6"":""Not quite so much now"",""Q7"":""Not very much"",""Q8"":""Only occasionally"",""Q9"":""Definitely less than I used to"",""Q10"":""Sometimes"",""Q11"":""Not at all"",""Q12"":""Quite often"",""Q13"":""Not Often"",""Q14"":""Sometimes""}",39118.065000046045
1,1555338817099,15/04/2019 14:33:37,1555338813416,1,15/04/2019 15:33:33,6138,39,task-w8es,,2463526,566d5997d408ea00051a2a86,680125,,complete,,5cb491afda2ff20012fc8969,computer,Desktop or Laptop,Windows 7,Chrome 73.0.3683.103,1280x1024,1280x921,after questionnairs,HADS,4,Low to High,after consent,after demographics,after training,after fishing,after questionnairs,"{""Q0"":""From time to time, occasionally"",""Q1"":""Sometimes"",""Q2"":""Not quite so much"",""Q3"":""Occasionally"",""Q4"":""A little, but it doesn't worry me"",""Q5"":""Definitely"",""Q6"":""As much as I always could"",""Q7"":""Quite a lot"",""Q8"":""From time to time, but not too often"",""Q9"":""Rather less than I used to"",""Q10"":""Not often"",""Q11"":""Not at all"",""Q12"":""Not very often"",""Q13"":""Definitely"",""Q14"":""Often""}",42630.24999999834
1,1555338874950,15/04/2019 14:34:34,1555338874236,-5,15/04/2019 09:34:34,6138,39,task-w8es,,2463535,5a381de00006450001bf2691,680110,,complete,,5cb491438676980001848eed,computer,Desktop or Laptop,Windows 10,Chrome 73.0.3683.103,2048x1152,1538x1002,after questionnairs,HADS,4,High to Low,after consent,after demographics,after training,after fishing,after questionnairs,"{""Q0"":""From time to time, occasionally"",""Q1"":""Sometimes"",""Q2"":""Not quite so much"",""Q3"":""Occasionally"",""Q4"":""Not at all"",""Q5"":""I take just as much care as ever"",""Q6"":""As much as I always could"",""Q7"":""Not very much"",""Q8"":""A lot of the time"",""Q9"":""Rather less than I used to"",""Q10"":""Not often"",""Q11"":""Not at all"",""Q12"":""Not at all"",""Q13"":""Usually"",""Q14"":""Often""}",46693.84999998147
1,1555338883545,15/04/2019 14:34:43,1555338880286,1,15/04/2019 15:34:40,6138,39,task-w8es,,2463536,56ce42d9465e580006846f57,680127,,complete,,5cb491ed8804e8001848d29c,computer,Desktop or Laptop,Windows 10,Chrome 73.0.3683.103,1366x768,1366x625,after questionnairs,HADS,4,Low to High,after consent,after demographics,after training,after fishing,after questionnairs,"{""Q0"":""From time to time, occasionally"",""Q1"":""Sometimes"",""Q2"":""Only a little"",""Q3"":""Occasionally"",""Q4"":""Not at all"",""Q5"":""I don't take as much care as I should"",""Q6"":""Definitely not so much now"",""Q7"":""Not at all"",""Q8"":""From time to time, but not too often"",""Q9"":""Definitely less than I used to"",""Q10"":""Sometimes"",""Q11"":""Not at all"",""Q12"":""Not at all"",""Q13"":""Definitely"",""Q14"":""Often""}",52135.424999985844
1,1555338916430,15/04/2019 14:35:16,1555338916220,1,15/04/2019 15:35:16,6138,39,task-w8es,,2463539,594a4063f15f310001f8898c,680129,,complete,,5cb4918829f35a0017947f87,computer,Desktop or Laptop,Windows 7,Firefox 60.0,1536x864,1536x743,after questionnairs,HADS,4,Low to High,after consent,after demographics,after training,after fishing,after questionnairs,"{""Q0"":""A lot of the time"",""Q1"":""Sometimes"",""Q2"":""Not quite so much"",""Q3"":""Occasionally"",""Q4"":""Very definitely and quite badly"",""Q5"":""I may not take quite as much care"",""Q6"":""Not quite so much now"",""Q7"":""Not very much"",""Q8"":""A lot of the time"",""Q9"":""Rather less than I used to"",""Q10"":""Sometimes"",""Q11"":""Not at all"",""Q12"":""Quite often"",""Q13"":""Not Often"",""Q14"":""Sometimes""}",59139
1,1555338928666,15/04/2019 14:35:28,1555338905120,1,15/04/2019 15:35:05,6138,39,task-w8es,,2463540,5980c9688ab70c000158dbb9,680112,,complete,,5cb49176e7390400019b7831,computer,Desktop or Laptop,Windows 10,Chrome 73.0.3683.103,1366x768,1366x657,after questionnairs,HADS,4,High to Low,after consent,after demographics,after training,after fishing,after questionnairs,"{""Q0"":""From time to time, occasionally"",""Q1"":""Sometimes"",""Q2"":""Not quite so much"",""Q3"":""Occasionally"",""Q4"":""Not at all"",""Q5"":""I may not take quite as much care"",""Q6"":""As much as I always could"",""Q7"":""Not very much"",""Q8"":""From time to time, but not too often"",""Q9"":""As much as I ever did"",""Q10"":""Most of the time"",""Q11"":""Not at all"",""Q12"":""Not very often"",""Q13"":""Definitely"",""Q14"":""Often""}",67982.31500003021
1,1555338941878,15/04/2019 14:35:41,1555338942670,1,15/04/2019 15:35:42,6138,39,task-w8es,,2463544,57a85273fa44650001140cff,680113,,complete,,5cb491728ca59a0012cdcbe0,computer,Desktop or Laptop,Windows 10,Chrome 73.0.3683.103,1920x1080,1920x937,after questionnairs,HADS,4,High to Low,after consent,after demographics,after training,after fishing,after questionnairs,"{""Q0"":""From time to time, occasionally"",""Q1"":""Sometimes"",""Q2"":""Definitely as much"",""Q3"":""Occasionally"",""Q4"":""A little, but it doesn't worry me"",""Q5"":""I may not take quite as much care"",""Q6"":""As much as I always could"",""Q7"":""Not very much"",""Q8"":""From time to time, but not too often"",""Q9"":""As much as I ever did"",""Q10"":""Most of the time"",""Q11"":""Not at all"",""Q12"":""Not very often"",""Q13"":""Definitely"",""Q14"":""Often""}",67029.71999999136
1,1555338961175,15/04/2019 14:36:01,1555338960980,1,15/04/2019 15:36:00,6138,39,task-w8es,,2463548,5caa2772bdc48f0018f91d87,680118,,complete,,5cb49176a47d2b00129b043a,computer,Desktop or Laptop,Mac OS 10.14.3,Safari 12.0.3,1440x900,1440x837,after questionnairs,HADS,4,Low to High,after consent,after demographics,after training,after fishing,after questionnairs,"{""Q0"":""From time to time, occasionally"",""Q1"":""Sometimes"",""Q2"":""Definitely as much"",""Q3"":""Occasionally"",""Q4"":""A little, but it doesn't worry me"",""Q5"":""I take just as much care as ever"",""Q6"":""As much as I always could"",""Q7"":""Not at all"",""Q8"":""A lot of the time"",""Q9"":""As much as I ever did"",""Q10"":""Most of the time"",""Q11"":""Not at all"",""Q12"":""Not very often"",""Q13"":""Usually"",""Q14"":""Often""}",68401
1,1555338967332,15/04/2019 14:36:07,1555338973748,1,15/04/2019 15:36:13,6138,39,task-w8es,,2463550,5c85010127f8cb0016c93b02,680126,,complete,,5cb491734d3e230017e4fa75,computer,Desktop or Laptop,Windows 10,Chrome 73.0.3683.103,1366x768,1366x657,after questionnairs,HADS,4,Low to High,after consent,after demographics,after training,after fishing,after questionnairs,"{""Q0"":""From time to time, occasionally"",""Q1"":""Not at all"",""Q2"":""Definitely as much"",""Q3"":""Not at all"",""Q4"":""Not at all"",""Q5"":""I take just as much care as ever"",""Q6"":""As much as I always could"",""Q7"":""Not at all"",""Q8"":""From time to time, but not too often"",""Q9"":""As much as I ever did"",""Q10"":""Most of the time"",""Q11"":""Not at all"",""Q12"":""Not very often"",""Q13"":""Definitely"",""Q14"":""Sometimes""}",64184.25500000012
1,1555339044222,15/04/2019 14:37:24,1555339040820,1,15/04/2019 15:37:20,6138,39,task-w8es,,2463569,5c5d2cc78da44c00015c6d68,680108,,complete,,5cb4913d94618c001631b049,computer,Desktop or Laptop,Windows 8.1,Chrome 73.0.3683.103,1536x864,1506x742,after questionnairs,HADS,4,High to Low,after consent,after demographics,after training,after fishing,after questionnairs,"{""Q0"":""From time to time, occasionally"",""Q1"":""Sometimes"",""Q2"":""Not quite so much"",""Q3"":""Quite Often"",""Q4"":""Yes, but not too badly"",""Q5"":""I may not take quite as much care"",""Q6"":""As much as I always could"",""Q7"":""Not very much"",""Q8"":""From time to time, but not too often"",""Q9"":""Rather less than I used to"",""Q10"":""Most of the time"",""Q11"":""Not at all"",""Q12"":""Not very often"",""Q13"":""Usually"",""Q14"":""Often""}",72922.71499999333
1,1555339198819,15/04/2019 14:39:58,1555339198293,-5,15/04/2019 09:39:58,6138,39,task-w8es,,2463604,5c7070519f9392000150023c,680136,,complete,,5cb492614a93d0001ba7bb7b,computer,Desktop or Laptop,Windows 10,Chrome 73.0.3683.103,1360x768,1360x625,after questionnairs,HADS,4,Low to High,after consent,after demographics,after training,after fishing,after questionnairs,"{""Q0"":""From time to time, occasionally"",""Q1"":""Nearly all the time"",""Q2"":""Not quite so much"",""Q3"":""Occasionally"",""Q4"":""A little, but it doesn't worry me"",""Q5"":""I don't take as much care as I should"",""Q6"":""As much as I always could"",""Q7"":""Not very much"",""Q8"":""A lot of the time"",""Q9"":""Definitely less than I used to"",""Q10"":""Sometimes"",""Q11"":""Not at all"",""Q12"":""Not very often"",""Q13"":""Usually"",""Q14"":""Often""}",78308.9050000126
1,1555339720569,15/04/2019 14:48:40,1555339719398,1,15/04/2019 15:48:39,6138,39,task-w8es,,2463648,5ca80fe7d8006f00176eef4d,680115,,complete,,5cb49188237faf001357c564,computer,Desktop or Laptop,Windows 10,Chrome 73.0.3683.103,2560x1440,2560x1329,after questionnairs,HADS,4,Low to High,after consent,after demographics,after training,after fishing,after questionnairs,"{""Q0"":""From time to time, occasionally"",""Q1"":""Sometimes"",""Q2"":""Not quite so much"",""Q3"":""Quite Often"",""Q4"":""A little, but it doesn't worry me"",""Q5"":""I take just as much care as ever"",""Q6"":""As much as I always could"",""Q7"":""Not very much"",""Q8"":""From time to time, but not too often"",""Q9"":""As much as I ever did"",""Q10"":""Sometimes"",""Q11"":""Not at all"",""Q12"":""Not at all"",""Q13"":""Usually"",""Q14"":""Often""}",101567.75999997626
1,1555339730011,15/04/2019 14:48:50,1555339729882,1,15/04/2019 15:48:49,6138,39,task-w8es,,2463653,5c541bd1179da1000166dde7,680168,,complete,,5cb494504d3e230016e4f69f,computer,Desktop or Laptop,Windows 7,Chrome 73.0.3683.103,1600x900,1600x757,after questionnairs,HADS,4,High to Low,after consent,after demographics,after training,after fishing,after questionnairs,"{""Q0"":""From time to time, occasionally"",""Q1"":""Sometimes"",""Q2"":""Not quite so much"",""Q3"":""Occasionally"",""Q4"":""A little, but it doesn't worry me"",""Q5"":""I don't take as much care as I should"",""Q6"":""Definitely not so much now"",""Q7"":""Quite a lot"",""Q8"":""From time to time, but not too often"",""Q9"":""Rather less than I used to"",""Q10"":""Sometimes"",""Q11"":""Not at all"",""Q12"":""Not at all"",""Q13"":""Definitely"",""Q14"":""Often""}",88635.74999999945
1,1555339779584,15/04/2019 14:49:39,1555339779455,1,15/04/2019 15:49:39,6138,39,task-w8es,,2463658,590df20e12802600017e1006,680156,,complete,,5cb493832f8b9b00017d7bc0,computer,Desktop or Laptop,Windows 10,Chrome 73.0.3683.103,1366x768,1366x657,after questionnairs,HADS,4,High to Low,after consent,after demographics,after training,after fishing,after questionnairs,"{""Q0"":""Not at all"",""Q1"":""Not at all"",""Q2"":""Definitely as much"",""Q3"":""Not at all"",""Q4"":""Not at all"",""Q5"":""I take just as much care as ever"",""Q6"":""As much as I always could"",""Q7"":""Not at all"",""Q8"":""Only occasionally"",""Q9"":""As much as I ever did"",""Q10"":""Most of the time"",""Q11"":""Not at all"",""Q12"":""Not at all"",""Q13"":""Definitely"",""Q14"":""Often""}",59505.04999997793
1,1555339916560,15/04/2019 14:51:56,1555339916054,1,15/04/2019 15:51:56,6138,39,task-w8es,,2463669,5c840d70969e2600152b2b5e,680171,,complete,,5cb494b0cc84cf001653bac8,computer,Desktop or Laptop,Windows 10,IE 11.0,1366x768,1366x643,after questionnairs,HADS,4,Low to High,after consent,after demographics,after training,after fishing,after questionnairs,"{""Q0"":""From time to time, occasionally"",""Q1"":""Sometimes"",""Q2"":""Definitely as much"",""Q3"":""Occasionally"",""Q4"":""A little, but it doesn't worry me"",""Q5"":""I don't take as much care as I should"",""Q6"":""Not quite so much now"",""Q7"":""Not very much"",""Q8"":""From time to time, but not too often"",""Q9"":""Rather less than I used to"",""Q10"":""Sometimes"",""Q11"":""Not at all"",""Q12"":""Not very often"",""Q13"":""Usually"",""Q14"":""Often""}",85876.79997402245
1,1555340049855,15/04/2019 14:54:09,1555340051209,1,15/04/2019 15:54:11,6138,39,task-w8es,,2463681,5c27c724867f660001ae6785,680155,,complete,,5cb4932df17324001713b392,computer,Desktop or Laptop,Windows 7,Chrome 73.0.3683.103,1366x768,1348x635,after questionnairs,HADS,4,Low to High,after consent,after demographics,after training,after fishing,after questionnairs,"{""Q0"":""From time to time, occasionally"",""Q1"":""Not at all"",""Q2"":""Not quite so much"",""Q3"":""Occasionally"",""Q4"":""A little, but it doesn't worry me"",""Q5"":""I may not take quite as much care"",""Q6"":""Not quite so much now"",""Q7"":""Not very much"",""Q8"":""From time to time, but not too often"",""Q9"":""Rather less than I used to"",""Q10"":""Sometimes"",""Q11"":""Not at all"",""Q12"":""Not very often"",""Q13"":""Usually"",""Q14"":""Often""}",105362.43000021204
1,1555340057578,15/04/2019 14:54:17,1555340055721,-5,15/04/2019 09:54:15,6138,39,task-w8es,,2463682,5c37aa8b832a8400010983b3,680167,,complete,,5cb4944b8db4e600186786f1,computer,Desktop or Laptop,Windows 7,Chrome 73.0.3683.103,1366x768,1278x665,after questionnairs,HADS,4,High to Low,after consent,after demographics,after training,after fishing,after questionnairs,"{""Q0"":""A lot of the time"",""Q1"":""Sometimes"",""Q2"":""Definitely as much"",""Q3"":""Occasionally"",""Q4"":""A little, but it doesn't worry me"",""Q5"":""I take just as much care as ever"",""Q6"":""As much as I always could"",""Q7"":""Not very much"",""Q8"":""From time to time, but not too often"",""Q9"":""As much as I ever did"",""Q10"":""Sometimes"",""Q11"":""Not at all"",""Q12"":""Not at all"",""Q13"":""Definitely"",""Q14"":""Often""}",109438.0000000001
1,1555520539096,17/04/2019 17:02:19,1555520538970,-4,17/04/2019 13:02:18,6138,39,task-w8es,,2475895,5c2eb9c30091e40001cba678,683238,,complete,,5cb756eb7ca1d700016f285f,computer,Desktop or Laptop,Mac OS 10.14.4,Chrome 73.0.3683.103,1440x900,1440x789,after questionnairs,HADS,4,Low to High,after consent,after demographics,after training,after fishing,after questionnairs,"{""Q0"":""From time to time, occasionally"",""Q1"":""Not at all"",""Q2"":""Definitely as much"",""Q3"":""Occasionally"",""Q4"":""Yes, but not too badly"",""Q5"":""I take just as much care as ever"",""Q6"":""As much as I always could"",""Q7"":""Quite a lot"",""Q8"":""From time to time, but not too often"",""Q9"":""As much as I ever did"",""Q10"":""Most of the time"",""Q11"":""Not at all"",""Q12"":""Not very often"",""Q13"":""Usually"",""Q14"":""Often""}",51343.94000000066
1,1555520625453,17/04/2019 17:03:45,1555520619637,1,17/04/2019 18:03:39,6138,39,task-w8es,,2475906,5c572653798cde00015f267f,683243,,complete,,5cb75748a0ce730001256ff7,computer,Desktop or Laptop,Windows 7,Firefox 66.0,1920x1080,1920x944,after questionnairs,HADS,4,High to Low,after consent,after demographics,after training,after fishing,after questionnairs,"{""Q0"":""From time to time, occasionally"",""Q1"":""Not at all"",""Q2"":""Only a little"",""Q3"":""Occasionally"",""Q4"":""A little, but it doesn't worry me"",""Q5"":""Definitely"",""Q6"":""As much as I always could"",""Q7"":""Not at all"",""Q8"":""A lot of the time"",""Q9"":""Hardly at all"",""Q10"":""Sometimes"",""Q11"":""Not at all"",""Q12"":""Not very often"",""Q13"":""Usually"",""Q14"":""Sometimes""}",68464
1,1555520616091,17/04/2019 17:03:36,1555520617756,1,17/04/2019 18:03:37,6138,39,task-w8es,,2475909,5a341b9b9f2e74000137ec06,683241,,complete,,5cb75704659e3d00159208b5,computer,Desktop or Laptop,Windows 10,Chrome 73.0.3683.103,1440x900,1440x789,after questionnairs,HADS,4,High to Low,after consent,after demographics,after training,after fishing,after questionnairs,"{""Q0"":""From time to time, occasionally"",""Q1"":""Sometimes"",""Q2"":""Not quite so much"",""Q3"":""Occasionally"",""Q4"":""A little, but it doesn't worry me"",""Q5"":""I may not take quite as much care"",""Q6"":""As much as I always could"",""Q7"":""Quite a lot"",""Q8"":""A lot of the time"",""Q9"":""As much as I ever did"",""Q10"":""Not often"",""Q11"":""Not at all"",""Q12"":""Quite often"",""Q13"":""Not Often"",""Q14"":""Sometimes""}",52567.51500000246
1,1555520644901,17/04/2019 17:04:04,1555520644579,-7,17/04/2019 10:04:04,6138,39,task-w8es,,2475913,5c8974ef34daa70015e92daf,683245,,complete,,5cb756f7d55d9600010a2f7d,computer,Desktop or Laptop,Windows 10,Chrome 75.0.3739.0,1280x720,1280x605,after questionnairs,HADS,4,Low to High,after consent,after demographics,after training,after fishing,after questionnairs,"{""Q0"":""A lot of the time"",""Q1"":""Sometimes"",""Q2"":""Definitely as much"",""Q3"":""Occasionally"",""Q4"":""A little, but it doesn't worry me"",""Q5"":""Definitely"",""Q6"":""As much as I always could"",""Q7"":""Not at all"",""Q8"":""From time to time, but not too often"",""Q9"":""As much as I ever did"",""Q10"":""Not often"",""Q11"":""Not at all"",""Q12"":""Quite often"",""Q13"":""Usually"",""Q14"":""Often""}",43869.96999999974
1,1555520689723,17/04/2019 17:04:49,1555520689070,-4,17/04/2019 13:04:49,6138,39,task-w8es,,2475916,570521cfde5095001018a0c8,683244,,complete,,5cb757067ab7920001571e91,computer,Desktop or Laptop,Mac OS 10.9.5,Chrome 67.0.3396.87,1440x900,1440x900,after questionnairs,HADS,4,High to Low,after consent,after demographics,after training,after fishing,after questionnairs,"{""Q0"":""A lot of the time"",""Q1"":""Sometimes"",""Q2"":""Not quite so much"",""Q3"":""Not at all"",""Q4"":""Yes, but not too badly"",""Q5"":""I take just as much care as ever"",""Q6"":""Definitely not so much now"",""Q7"":""Not very much"",""Q8"":""A lot of the time"",""Q9"":""Definitely less than I used to"",""Q10"":""Not often"",""Q11"":""Not at all"",""Q12"":""Quite often"",""Q13"":""Not at all"",""Q14"":""Not often""}",77527.69999999963
1,1555520710240,17/04/2019 17:05:10,1555520710853,1,17/04/2019 18:05:10,6138,39,task-w8es,,2475920,5654f4b9d970d10011831e42,683239,,complete,,5cb75706cb58210016750c99,computer,Desktop or Laptop,Windows 10,Chrome 73.0.3683.103,1366x768,1366x695,after questionnairs,HADS,4,Low to High,after consent,after demographics,after training,after fishing,after questionnairs,"{""Q0"":""From time to time, occasionally"",""Q1"":""Not at all"",""Q2"":""Not quite so much"",""Q3"":""Not at all"",""Q4"":""A little, but it doesn't worry me"",""Q5"":""I don't take as much care as I should"",""Q6"":""Not quite so much now"",""Q7"":""Not very much"",""Q8"":""From time to time, but not too often"",""Q9"":""Rather less than I used to"",""Q10"":""Sometimes"",""Q11"":""Not at all"",""Q12"":""Not very often"",""Q13"":""Definitely"",""Q14"":""Often""}",77974.84499996062
1,1555520827778,17/04/2019 17:07:07,1555520854188,1,17/04/2019 18:07:34,6138,39,task-w8es,,2475940,5880f713ab00f60001923541,683251,,complete,,5cb7570a3e985d0016c05f77,computer,Desktop or Laptop,Windows 10,Chrome 73.0.3683.103,1366x768,1350x640,after questionnairs,HADS,4,High to Low,after consent,after demographics,after training,after fishing,after questionnairs,"{""Q0"":""From time to time, occasionally"",""Q1"":""Sometimes"",""Q2"":""Definitely as much"",""Q3"":""Not at all"",""Q4"":""Not at all"",""Q5"":""I take just as much care as ever"",""Q6"":""As much as I always could"",""Q7"":""Quite a lot"",""Q8"":""Only occasionally"",""Q9"":""As much as I ever did"",""Q10"":""Most of the time"",""Q11"":""Not at all"",""Q12"":""Not at all"",""Q13"":""Usually"",""Q14"":""Often""}",80951.20500000007
1,1555520877331,17/04/2019 17:07:57,1555520875400,1,17/04/2019 18:07:55,6138,39,task-w8es,,2475954,5c5a093738e69b0001dd9343,683242,,complete,,5cb757079f41b70017e6133a,computer,Desktop or Laptop,Windows 10,Chrome 73.0.3683.103,1366x768,1366x657,after questionnairs,HADS,4,Low to High,after consent,after demographics,after training,after fishing,after questionnairs,"{""Q0"":""From time to time, occasionally"",""Q1"":""Sometimes"",""Q2"":""Not quite so much"",""Q3"":""Not at all"",""Q4"":""Not at all"",""Q5"":""I take just as much care as ever"",""Q6"":""As much as I always could"",""Q7"":""Not at all"",""Q8"":""Only occasionally"",""Q9"":""As much as I ever did"",""Q10"":""Most of the time"",""Q11"":""Not at all"",""Q12"":""Not at all"",""Q13"":""Definitely"",""Q14"":""Sometimes""}",61425.14500000107
1,1555521015183,17/04/2019 17:10:15,1555521018578,1,17/04/2019 18:10:18,6138,39,task-w8es,,2475967,5a993b151eda410001365a23,683240,,complete,,5cb75705843398001600603c,computer,Desktop or Laptop,Windows 8.1,Chrome 73.0.3683.103,1366x768,1242x597,after questionnairs,HADS,4,Low to High,after consent,after demographics,after training,after fishing,after questionnairs,"{""Q0"":""From time to time, occasionally"",""Q1"":""Nearly all the time"",""Q2"":""Definitely as much"",""Q3"":""Occasionally"",""Q4"":""Yes, but not too badly"",""Q5"":""I take just as much care as ever"",""Q6"":""As much as I always could"",""Q7"":""Quite a lot"",""Q8"":""A lot of the time"",""Q9"":""Rather less than I used to"",""Q10"":""Not often"",""Q11"":""Not at all"",""Q12"":""Not very often"",""Q13"":""Not Often"",""Q14"":""Sometimes""}",114603.975
1,1555521152408,17/04/2019 17:12:32,1555521151305,-4,17/04/2019 13:12:31,6138,39,task-w8es,,2475985,55b9a9b0fdf99b6906d2aba4,683250,,complete,,5cb757a55a63a200017eab8e,computer,Desktop or Laptop,Windows 10,Chrome 73.0.3683.103,1920x1080,1920x937,after questionnairs,HADS,4,High to Low,after consent,after demographics,after training,after fishing,after questionnairs,"{""Q0"":""From time to time, occasionally"",""Q1"":""Not at all"",""Q2"":""Definitely as much"",""Q3"":""Not at all"",""Q4"":""Not at all"",""Q5"":""I may not take quite as much care"",""Q6"":""As much as I always could"",""Q7"":""Not very much"",""Q8"":""From time to time, but not too often"",""Q9"":""As much as I ever did"",""Q10"":""Most of the time"",""Q11"":""Not at all"",""Q12"":""Not at all"",""Q13"":""Definitely"",""Q14"":""Often""}",122078.85999997961
1,1555521189885,17/04/2019 17:13:09,1555521198482,1,17/04/2019 18:13:18,6138,39,task-w8es,,2475991,57ade933b7a5690001ae184a,683257,,complete,,5cb759468d3792001b7bc9c7,computer,Desktop or Laptop,Windows 10,Chrome 73.0.3683.103,1366x768,1366x657,after questionnairs,HADS,4,Low to High,after consent,after demographics,after training,after fishing,after questionnairs,"{""Q0"":""From time to time, occasionally"",""Q1"":""Not at all"",""Q2"":""Not quite so much"",""Q3"":""Occasionally"",""Q4"":""Not at all"",""Q5"":""I take just as much care as ever"",""Q6"":""As much as I always could"",""Q7"":""Not very much"",""Q8"":""From time to time, but not too often"",""Q9"":""As much as I ever did"",""Q10"":""Sometimes"",""Q11"":""Not at all"",""Q12"":""Not at all"",""Q13"":""Definitely"",""Q14"":""Often""}",101948.90000007581
1,1555521383492,17/04/2019 17:16:23,1555521383951,1,17/04/2019 18:16:23,6138,39,task-w8es,,2476016,5c28cac3867f660001ae9c4a,683246,,complete,,5cb756fef07f86001a37a863,computer,Desktop or Laptop,Windows 10,Chrome 73.0.3683.103,1536x864,1536x754,after questionnairs,HADS,4,Low to High,after consent,after demographics,after training,after fishing,after questionnairs,"{""Q0"":""From time to time, occasionally"",""Q1"":""Not at all"",""Q2"":""Definitely as much"",""Q3"":""Not at all"",""Q4"":""Not at all"",""Q5"":""I take just as much care as ever"",""Q6"":""As much as I always could"",""Q7"":""Not very much"",""Q8"":""Only occasionally"",""Q9"":""As much as I ever did"",""Q10"":""Most of the time"",""Q11"":""Not at all"",""Q12"":""Not at all"",""Q13"":""Definitely"",""Q14"":""Often""}",81338.15500000492
1,1555521716091,17/04/2019 17:21:56,1555521715888,-5,17/04/2019 12:21:55,6138,39,task-w8es,,2476071,5be6591a1781990001f7dfe1,683265,,complete,,5cb75a749107ae00017b6ac4,computer,Desktop or Laptop,Mac OS 10.14,Firefox 66.0,1440x810,1440x755,after questionnairs,HADS,4,High to Low,after consent,after demographics,after training,after fishing,after questionnairs,"{""Q0"":""Most of the time"",""Q1"":""Nearly all the time"",""Q2"":""Only a little"",""Q3"":""Quite Often"",""Q4"":""Yes, but not too badly"",""Q5"":""I take just as much care as ever"",""Q6"":""Not quite so much now"",""Q7"":""Not very much"",""Q8"":""A great deal of the time"",""Q9"":""Rather less than I used to"",""Q10"":""Sometimes"",""Q11"":""Not at all"",""Q12"":""Quite often"",""Q13"":""Not Often"",""Q14"":""Often""}",81945
1,1555521689938,17/04/2019 17:21:29,1555521691091,1,17/04/2019 18:21:31,6138,39,task-w8es,,2476074,59b859e711212f0001cd10ff,683264,,complete,,5cb75b0b53d59d00170cb9d9,computer,Desktop or Laptop,Windows 10,Firefox 66.0,2560x1440,2560x1276,after questionnairs,HADS,4,High to Low,after consent,after demographics,after training,after fishing,after questionnairs,"{""Q0"":""Not at all"",""Q1"":""Sometimes"",""Q2"":""Only a little"",""Q3"":""Occasionally"",""Q4"":""A little, but it doesn't worry me"",""Q5"":""I take just as much care as ever"",""Q6"":""As much as I always could"",""Q7"":""Not very much"",""Q8"":""From time to time, but not too often"",""Q9"":""Rather less than I used to"",""Q10"":""Sometimes"",""Q11"":""Not at all"",""Q12"":""Not very often"",""Q13"":""Usually"",""Q14"":""Sometimes""}",51004
1,1555521940677,17/04/2019 17:25:40,1555521940268,-4,17/04/2019 13:25:40,6138,39,task-w8es,,2476096,5a6d67dbe70ca900017adb9c,683259,,complete,,5cb757c2cc1deb001500360b,computer,Desktop or Laptop,Mac OS 10.11.6,Safari 11.1.2,1440x900,1440x816,after questionnairs,HADS,4,Low to High,after consent,after demographics,after training,after fishing,after questionnairs,"{""Q0"":""From time to time, occasionally"",""Q1"":""Very often"",""Q2"":""Only a little"",""Q3"":""Quite Often"",""Q4"":""Yes, but not too badly"",""Q5"":""I don't take as much care as I should"",""Q6"":""Not quite so much now"",""Q7"":""Not very much"",""Q8"":""A great deal of the time"",""Q9"":""Definitely less than I used to"",""Q10"":""Sometimes"",""Q11"":""Not at all"",""Q12"":""Quite often"",""Q13"":""Usually"",""Q14"":""Often""}",72690
1,1555522321187,17/04/2019 17:32:01,1555522319204,1,17/04/2019 18:31:59,6138,39,task-w8es,,2476160,5c35655f87b777000170d85a,683252,,complete,,5cb757027c68990017026fe3,computer,Desktop or Laptop,Windows 7,Chrome 73.0.3683.103,1920x1080,1920x937,after questionnairs,HADS,4,Low to High,after consent,after demographics,after training,after fishing,after questionnairs,"{""Q0"":""From time to time, occasionally"",""Q1"":""Sometimes"",""Q2"":""Definitely as much"",""Q3"":""Occasionally"",""Q4"":""Not at all"",""Q5"":""I take just as much care as ever"",""Q6"":""As much as I always could"",""Q7"":""Quite a lot"",""Q8"":""From time to time, but not too often"",""Q9"":""As much as I ever did"",""Q10"":""Most of the time"",""Q11"":""Not at all"",""Q12"":""Not at all"",""Q13"":""Definitely"",""Q14"":""Often""}",86508.21999999971
1,1555522656337,17/04/2019 17:37:36,1555522656214,-4,17/04/2019 13:37:36,6138,39,task-w8es,,2476202,5c48d9b3cd853b0001287890,683284,,complete,,5cb75e7ba0ce730017257083,computer,Desktop or Laptop,Windows 10,Chrome 73.0.3683.103,1920x1080,1920x937,after questionnairs,HADS,4,Low to High,after consent,after demographics,after training,after fishing,after questionnairs,"{""Q0"":""From time to time, occasionally"",""Q1"":""Very often"",""Q2"":""Only a little"",""Q3"":""Occasionally"",""Q4"":""A little, but it doesn't worry me"",""Q5"":""I may not take quite as much care"",""Q6"":""As much as I always could"",""Q7"":""Quite a lot"",""Q8"":""A lot of the time"",""Q9"":""Definitely less than I used to"",""Q10"":""Not often"",""Q11"":""Not at all"",""Q12"":""Not very often"",""Q13"":""Not Often"",""Q14"":""Not often""}",48212.39999998943
1,1555523698116,17/04/2019 17:54:58,1555523694871,1,17/04/2019 18:54:54,6138,39,task-w8es,,2476280,5b61a193adb684000126749f,683302,,complete,,5cb757017e6de000013dbc6c,computer,Desktop or Laptop,Windows 7,Firefox 66.0,1920x1080,1297x728,after questionnairs,HADS,4,High to Low,after consent,after demographics,after training,after fishing,after questionnairs,"{""Q0"":""From time to time, occasionally"",""Q1"":""Sometimes"",""Q2"":""Definitely as much"",""Q3"":""Not at all"",""Q4"":""Not at all"",""Q5"":""I don't take as much care as I should"",""Q6"":""As much as I always could"",""Q7"":""Not very much"",""Q8"":""From time to time, but not too often"",""Q9"":""As much as I ever did"",""Q10"":""Most of the time"",""Q11"":""Not at all"",""Q12"":""Not very often"",""Q13"":""Usually"",""Q14"":""Often""}",93094
1,1555523967923,17/04/2019 17:59:27,1555523967748,-4,17/04/2019 13:59:27,6138,39,task-w8es,,2476287,5c8812709cef4f0016a18318,683305,,complete,,5cb7612f9e460b00010d9f60,computer,Desktop or Laptop,Windows 10,Chrome 73.0.3683.86,1536x864,1536x722,after questionnairs,HADS,4,Low to High,after consent,after demographics,after training,after fishing,after questionnairs,"{""Q0"":""A lot of the time"",""Q1"":""Nearly all the time"",""Q2"":""Not quite so much"",""Q3"":""Very Often"",""Q4"":""Yes, but not too badly"",""Q5"":""I take just as much care as ever"",""Q6"":""As much as I always could"",""Q7"":""Not at all"",""Q8"":""A lot of the time"",""Q9"":""As much as I ever did"",""Q10"":""Sometimes"",""Q11"":""Not at all"",""Q12"":""Not very often"",""Q13"":""Usually"",""Q14"":""Often""}",59645.31999999599
1,1555524278408,17/04/2019 18:04:38,1555524278515,-3,17/04/2019 15:04:38,6138,39,task-w8es,,2476300,5c3ac7504b1ed90001baad3a,683358,,complete,,5cb7662c825a3e0017f19207,computer,Desktop or Laptop,Windows 7,Chrome 73.0.3683.103,1680x1050,1680x907,after questionnairs,HADS,4,Low to High,after consent,after demographics,after training,after fishing,after questionnairs,"{""Q0"":""From time to time, occasionally"",""Q1"":""Sometimes"",""Q2"":""Definitely as much"",""Q3"":""Not at all"",""Q4"":""Yes, but not too badly"",""Q5"":""I take just as much care as ever"",""Q6"":""As much as I always could"",""Q7"":""Not at all"",""Q8"":""Only occasionally"",""Q9"":""As much as I ever did"",""Q10"":""Most of the time"",""Q11"":""Not at all"",""Q12"":""Not at all"",""Q13"":""Definitely"",""Q14"":""Often""}",49097.340000007534
1,1555678920648,19/04/2019 13:02:00,1555678921139,1,19/04/2019 14:02:01,6138,39,task-w8es,,2479166,58f3d7699fbdde00011e99f7,684252,,complete,,5cb9bf0925b2a000010beb85,computer,Desktop or Laptop,Windows 10,Firefox 66.0,1366x768,1366x635,after questionnairs,HADS,4,High to Low,after consent,after demographics,after training,after fishing,after questionnairs,"{""Q0"":""From time to time, occasionally"",""Q1"":""Not at all"",""Q2"":""Definitely as much"",""Q3"":""Occasionally"",""Q4"":""A little, but it doesn't worry me"",""Q5"":""I take just as much care as ever"",""Q6"":""As much as I always could"",""Q7"":""Not very much"",""Q8"":""From time to time, but not too often"",""Q9"":""As much as I ever did"",""Q10"":""Sometimes"",""Q11"":""Not at all"",""Q12"":""Not at all"",""Q13"":""Usually"",""Q14"":""Often""}",121086
1,1555680026903,19/04/2019 13:20:26,1555680026792,1,19/04/2019 14:20:26,6138,39,task-w8es,,2479181,5c52f97154f9d30001db082d,684262,,complete,,5cb9c51a651bd90015985926,computer,Desktop or Laptop,Mac OS 10.14.3,Chrome 73.0.3683.86,1366x768,1313x634,after questionnairs,HADS,4,High to Low,after consent,after demographics,after training,after fishing,after questionnairs,"{""Q0"":""A lot of the time"",""Q1"":""Sometimes"",""Q2"":""Definitely as much"",""Q3"":""Not at all"",""Q4"":""Not at all"",""Q5"":""I may not take quite as much care"",""Q6"":""Not quite so much now"",""Q7"":""Not very much"",""Q8"":""A lot of the time"",""Q9"":""Rather less than I used to"",""Q10"":""Most of the time"",""Q11"":""Not at all"",""Q12"":""Not very often"",""Q13"":""Usually"",""Q14"":""Often""}",68124.90499997512
1,1555523263585,17/04/2019 17:47:43,1555523261792,1,17/04/2019 18:47:41,6138,39,task-w8es,,2476259,5c5dd242c9735b00010cf9db,683308,,complete,,5cb76158e3ca77000172290a,computer,Desktop or Laptop,Windows 8.1,Chrome 73.0.3683.103,1600x900,1600x794,after questionnairs,HADS,4,High to Low,after consent,after demographics,after training,after fishing,after questionnairs,"{""Q0"":""A lot of the time"",""Q1"":""Sometimes"",""Q2"":""Not quite so much"",""Q3"":""Quite Often"",""Q4"":""Yes, but not too badly"",""Q5"":""I don't take as much care as I should"",""Q6"":""Definitely not so much now"",""Q7"":""Not very much"",""Q8"":""A great deal of the time"",""Q9"":""Definitely less than I used to"",""Q10"":""Sometimes"",""Q11"":""Not at all"",""Q12"":""Very often indeed"",""Q13"":""Usually"",""Q14"":""Sometimes""}",97908.54999999965
1,1555363877847,15/04/2019 21:31:17,1555363865952,-6,15/04/2019 15:31:05,6138,39,task-w8es,,2468046,565e0989998e4400054bdd7e,681086,,complete,,5cb4f2745d358c00168a4aa2,computer,Desktop or Laptop,Windows 7,Firefox 66.0,1920x1080,1920x925,after questionnairs,HADS,4,High to Low,after consent,after demographics,after training,after fishing,after questionnairs,"{""Q0"":""A lot of the time"",""Q1"":""Sometimes"",""Q2"":""Hardly at all"",""Q3"":""Quite Often"",""Q4"":""Yes, but not too badly"",""Q5"":""Definitely"",""Q6"":""Definitely not so much now"",""Q7"":""Not at all"",""Q8"":""A great deal of the time"",""Q9"":""Definitely less than I used to"",""Q10"":""Not often"",""Q11"":""Not at all"",""Q12"":""Not very often"",""Q13"":""Not Often"",""Q14"":""Sometimes""}",58519
1,1555344066330,15/04/2019 16:01:06,1555344063655,-5,15/04/2019 11:01:03,6138,39,task-w8es,,2463896,56d0901c197fb1000b2348ee,680257,,complete,,5cb49ff97af0630017312a74,computer,Desktop or Laptop,Windows 10,Opera 60.0.3255.37,1920x1080,1880x978,after questionnairs,HADS,4,High to Low,after consent,after demographics,after training,after fishing,after questionnairs,"{""Q0"":""Most of the time"",""Q1"":""Not at all"",""Q2"":""Not quite so much"",""Q3"":""Occasionally"",""Q4"":""Very definitely and quite badly"",""Q5"":""I may not take quite as much care"",""Q6"":""As much as I always could"",""Q7"":""Very much indeed"",""Q8"":""A great deal of the time"",""Q9"":""As much as I ever did"",""Q10"":""Sometimes"",""Q11"":""Not at all"",""Q12"":""Not very often"",""Q13"":""Not Often"",""Q14"":""Often""}",42281.684999998106
1,1555091620747,12/04/2019 17:53:40,1555091621926,1,12/04/2019 18:53:41,6138,39,task-w8es,,2449913,59a7c4f0d4019800014cf4c4,676774,,complete,,5cb0cbd52ea8830015917544,computer,Desktop or Laptop,Windows 10,Chrome 73.0.3683.86,1366x768,1366x625,after questionnairs,HADS,4,High to Low,after consent,after demographics,after training,after fishing,after questionnairs,"{""Q0"":""From time to time, occasionally"",""Q1"":""Sometimes"",""Q2"":""Only a little"",""Q3"":""Occasionally"",""Q4"":""Very definitely and quite badly"",""Q5"":""I may not take quite as much care"",""Q6"":""As much as I always could"",""Q7"":""Not very much"",""Q8"":""Only occasionally"",""Q9"":""As much as I ever did"",""Q10"":""Most of the time"",""Q11"":""Not at all"",""Q12"":""Not very often"",""Q13"":""Usually"",""Q14"":""Often""}",63881.66999997338
1,1555087266267,12/04/2019 16:41:06,1555087258632,1,12/04/2019 17:40:58,6138,39,task-w8es,,2439774,5c7f007e78573c00019056b8,675732,,complete,,5cb0baf344753d0001a90703,computer,Desktop or Laptop,Windows 10,Chrome 73.0.3683.103,1920x1080,1920x969,after questionnairs,HADS,4,High to Low,after consent,after demographics,after training,after fishing,after questionnairs,"{""Q0"":""From time to time, occasionally"",""Q1"":""Sometimes"",""Q2"":""Not quite so much"",""Q3"":""Quite Often"",""Q4"":""Yes, but not too badly"",""Q5"":""I may not take quite as much care"",""Q6"":""Not quite so much now"",""Q7"":""Quite a lot"",""Q8"":""From time to time, but not too often"",""Q9"":""Rather less than I used to"",""Q10"":""Sometimes"",""Q11"":""Not at all"",""Q12"":""Not very often"",""Q13"":""Not Often"",""Q14"":""Sometimes""}",37531.439999933355
1,1555086832069,12/04/2019 16:33:52,1555086831141,1,12/04/2019 17:33:51,6138,39,task-w8es,,2438829,57f8ddd1be670900012e57ee,675662,,complete,,5cb0b85096f5860012c0e357,computer,Desktop or Laptop,Chromium OS 11895.58.0,Chrome 74.0.3729.68,1366x768,1366x609,after questionnairs,HADS,4,High to Low,after consent,after demographics,after training,after fishing,after questionnairs,"{""Q0"":""From time to time, occasionally"",""Q1"":""Sometimes"",""Q2"":""Definitely as much"",""Q3"":""Occasionally"",""Q4"":""A little, but it doesn't worry me"",""Q5"":""I take just as much care as ever"",""Q6"":""As much as I always could"",""Q7"":""Quite a lot"",""Q8"":""Only occasionally"",""Q9"":""As much as I ever did"",""Q10"":""Most of the time"",""Q11"":""Not at all"",""Q12"":""Not at all"",""Q13"":""Usually"",""Q14"":""Often""}",71178.49
1,1555086962163,12/04/2019 16:36:02,1555086960124,1,12/04/2019 17:36:00,6138,39,task-w8es,,2438807,5ca634103697d60014addf56,675635,,complete,,5cb0b7131e58210018362f6c,computer,Desktop or Laptop,Windows 10,Chrome 73.0.3683.103,1366x768,1366x657,after questionnairs,HADS,4,Low to High,after consent,after demographics,after training,after fishing,after questionnairs,"{""Q0"":""From time to time, occasionally"",""Q1"":""Sometimes"",""Q2"":""Not quite so much"",""Q3"":""Occasionally"",""Q4"":""A little, but it doesn't worry me"",""Q5"":""I may not take quite as much care"",""Q6"":""Not quite so much now"",""Q7"":""Not very much"",""Q8"":""From time to time, but not too often"",""Q9"":""Rather less than I used to"",""Q10"":""Sometimes"",""Q11"":""Not at all"",""Q12"":""Not at all"",""Q13"":""Definitely"",""Q14"":""Often""}",213405.09499999825
1,1555086733894,12/04/2019 16:32:13,1555086735970,-5,12/04/2019 11:32:15,6138,39,task-w8es,,2438628,5c070a6576781b0001c82633,675654,,complete,,5cb0b7ec1c78be00169c0d04,computer,Desktop or Laptop,Windows 10,Firefox 66.0,960x600,960x474,after questionnairs,HADS,4,Low to High,after consent,after demographics,after training,after fishing,after questionnairs,"{""Q0"":""From time to time, occasionally"",""Q1"":""Sometimes"",""Q2"":""Not quite so much"",""Q3"":""Occasionally"",""Q4"":""A little, but it doesn't worry me"",""Q5"":""I take just as much care as ever"",""Q6"":""As much as I always could"",""Q7"":""Not very much"",""Q8"":""A lot of the time"",""Q9"":""Definitely less than I used to"",""Q10"":""Sometimes"",""Q11"":""Not at all"",""Q12"":""Quite often"",""Q13"":""Usually"",""Q14"":""Sometimes""}",79259
1,1555086535060,12/04/2019 16:28:55,1555086534975,-5,12/04/2019 11:28:54,6138,39,task-w8es,,2438370,5c3e012952f38e0001331e40,675643,,complete,,5cb0b7903b05b500015bedc0,computer,Desktop or Laptop,Windows 10,Chrome 73.0.3683.103,1680x1050,1504x864,after questionnairs,HADS,4,High to Low,after consent,after demographics,after training,after fishing,after questionnairs,"{""Q0"":""From time to time, occasionally"",""Q1"":""Sometimes"",""Q2"":""Definitely as much"",""Q3"":""Occasionally"",""Q4"":""A little, but it doesn't worry me"",""Q5"":""I take just as much care as ever"",""Q6"":""As much as I always could"",""Q7"":""Quite a lot"",""Q8"":""Only occasionally"",""Q9"":""As much as I ever did"",""Q10"":""Most of the time"",""Q11"":""Not at all"",""Q12"":""Not at all"",""Q13"":""Definitely"",""Q14"":""Often""}",71329.04499999131
1,1555086465593,12/04/2019 16:27:45,1555086466553,1,12/04/2019 17:27:46,6138,39,task-w8es,,2438307,5c8af558d551550019d44308,675631,,complete,,5cb0b6f87c559e0011363054,computer,Desktop or Laptop,Windows 10,Chrome 73.0.3683.103,1366x768,1366x768,after questionnairs,HADS,4,High to Low,after consent,after demographics,after training,after fishing,after questionnairs,"{""Q0"":""Most of the time"",""Q1"":""Nearly all the time"",""Q2"":""Not quite so much"",""Q3"":""Quite Often"",""Q4"":""Very definitely and quite badly"",""Q5"":""I take just as much care as ever"",""Q6"":""As much as I always could"",""Q7"":""Not very much"",""Q8"":""A great deal of the time"",""Q9"":""Rather less than I used to"",""Q10"":""Not often"",""Q11"":""Not at all"",""Q12"":""Very often indeed"",""Q13"":""Not Often"",""Q14"":""Often""}",72693.95000000077
1,1555086268020,12/04/2019 16:24:28,1555086272187,1,12/04/2019 17:24:32,6138,39,task-w8es,,2438035,5c4737793a307700017fc5e8,675610,,complete,,5cb0b5ca4c042e00015c7e03,computer,Desktop or Laptop,Windows 8.1,Chrome 73.0.3683.86,1366x768,1366x625,after questionnairs,HADS,4,Low to High,after consent,after demographics,after training,after fishing,after questionnairs,"{""Q0"":""From time to time, occasionally"",""Q1"":""Not at all"",""Q2"":""Definitely as much"",""Q3"":""Occasionally"",""Q4"":""A little, but it doesn't worry me"",""Q5"":""I may not take quite as much care"",""Q6"":""As much as I always could"",""Q7"":""Not at all"",""Q8"":""From time to time, but not too often"",""Q9"":""Hardly at all"",""Q10"":""Most of the time"",""Q11"":""Not at all"",""Q12"":""Not very often"",""Q13"":""Definitely"",""Q14"":""Often""}",88850.03000000006
1,1555083927137,12/04/2019 15:45:27,1555083927075,1,12/04/2019 16:45:27,6138,39,task-w8es,,2436404,5c18d82de4cea80001619773,675515,,complete,,5cb0acf6d8c3ca0001c5fdc8,computer,Desktop or Laptop,Windows 10,Chrome 73.0.3683.103,1920x1080,1920x975,after questionnairs,HADS,4,Low to High,after consent,after demographics,after training,after fishing,after questionnairs,"{""Q0"":""A lot of the time"",""Q1"":""Sometimes"",""Q2"":""Not quite so much"",""Q3"":""Occasionally"",""Q4"":""A little, but it doesn't worry me"",""Q5"":""I don't take as much care as I should"",""Q6"":""As much as I always could"",""Q7"":""Not very much"",""Q8"":""From time to time, but not too often"",""Q9"":""Rather less than I used to"",""Q10"":""Sometimes"",""Q11"":""Not at all"",""Q12"":""Not at all"",""Q13"":""Usually"",""Q14"":""Often""}",67485.48000003211
1,1554984751613,11/04/2019 12:12:31,1554984752550,1,11/04/2019 13:12:32,6138,39,task-w8es,,2432317,5bfa9a30975ee0000169849f,674197,,complete,,5caf2a54b05a2c001145b8df,computer,Desktop or Laptop,Windows 10,Chrome 73.0.3683.86,1366x768,1366x576,after questionnairs,HADS,4,Low to High,after consent,after demographics,after training,after fishing,after questionnairs,"{""Q0"":""From time to time, occasionally"",""Q1"":""Not at all"",""Q2"":""Definitely as much"",""Q3"":""Occasionally"",""Q4"":""A little, but it doesn't worry me"",""Q5"":""I take just as much care as ever"",""Q6"":""As much as I always could"",""Q7"":""Not very much"",""Q8"":""From time to time, but not too often"",""Q9"":""As much as I ever did"",""Q10"":""Sometimes"",""Q11"":""Not at all"",""Q12"":""Not very often"",""Q13"":""Usually"",""Q14"":""Often""}",66878.06000001729
1,1554834777212,09/04/2019 18:32:57,1554834777123,1,09/04/2019 19:32:57,6138,39,task-w8es,,2427916,571ceeb64ca277000953d1c1,672655,,complete,,5cacdd2c4393a300189f1a8e,computer,Desktop or Laptop,Mac OS 10.14.4,Chrome 73.0.3683.86,1280x800,1243x647,after questionnairs,HADS,4,High to Low,after consent,after demographics,after training,after fishing,after questionnairs,"{""Q0"":""A lot of the time"",""Q1"":""Nearly all the time"",""Q2"":""Not quite so much"",""Q3"":""Quite Often"",""Q4"":""Yes, but not too badly"",""Q5"":""I may not take quite as much care"",""Q6"":""Not quite so much now"",""Q7"":""Very much indeed"",""Q8"":""A lot of the time"",""Q9"":""As much as I ever did"",""Q10"":""Sometimes"",""Q11"":""Not at all"",""Q12"":""Quite often"",""Q13"":""Usually"",""Q14"":""Not often""}",97795.18000000098
1,1554831305638,09/04/2019 17:35:05,1554831305414,-7,09/04/2019 10:35:05,6138,39,task-w8es,,2427775,5c9e65d52707e10001a00524,672614,,complete,,5cacd1e64b07c800019cb223,computer,Desktop or Laptop,Windows 10,Chrome 73.0.3683.86,1280x720,1164x525,after questionnairs,HADS,4,High to Low,after consent,after demographics,after training,after fishing,after questionnairs,"{""Q0"":""From time to time, occasionally"",""Q1"":""Sometimes"",""Q2"":""Only a little"",""Q3"":""Not at all"",""Q4"":""A little, but it doesn't worry me"",""Q5"":""I don't take as much care as I should"",""Q6"":""Not quite so much now"",""Q7"":""Not very much"",""Q8"":""From time to time, but not too often"",""Q9"":""Rather less than I used to"",""Q10"":""Most of the time"",""Q11"":""Not at all"",""Q12"":""Not at all"",""Q13"":""Usually"",""Q14"":""Sometimes""}",42091.834999999264
1,1554823224015,09/04/2019 15:20:24,1554823226653,1,09/04/2019 16:20:26,6138,39,task-w8es,,2427314,5bd2034025db7b000178ad8a,672045,,complete,,5cacb2489180e500010a47e3,computer,Desktop or Laptop,Windows 10,Firefox 66.0,1366x768,1366x654,after questionnairs,HADS,4,High to Low,after consent,after demographics,after training,after fishing,after questionnairs,"{""Q0"":""From time to time, occasionally"",""Q1"":""Not at all"",""Q2"":""Not quite so much"",""Q3"":""Not at all"",""Q4"":""Not at all"",""Q5"":""I don't take as much care as I should"",""Q6"":""As much as I always could"",""Q7"":""Not very much"",""Q8"":""Only occasionally"",""Q9"":""As much as I ever did"",""Q10"":""Most of the time"",""Q11"":""Not at all"",""Q12"":""Not at all"",""Q13"":""Definitely"",""Q14"":""Often""}",89857
1,1554823112336,09/04/2019 15:18:32,1554823107533,1,09/04/2019 16:18:27,6138,39,task-w8es,,2427308,5c46c60f5aca820001f7d05d,672044,,complete,,5cacb247c546ab0001053d87,computer,Desktop or Laptop,Windows 10,Chrome 73.0.3683.86,1366x768,1366x657,after questionnairs,HADS,4,High to Low,after consent,after demographics,after training,after fishing,after questionnairs,"{""Q0"":""A lot of the time"",""Q1"":""Sometimes"",""Q2"":""Definitely as much"",""Q3"":""Quite Often"",""Q4"":""Yes, but not too badly"",""Q5"":""I don't take as much care as I should"",""Q6"":""Not quite so much now"",""Q7"":""Not very much"",""Q8"":""A lot of the time"",""Q9"":""As much as I ever did"",""Q10"":""Sometimes"",""Q11"":""Not at all"",""Q12"":""Quite often"",""Q13"":""Definitely"",""Q14"":""Sometimes""}",50470.62000000733
1,1554823110953,09/04/2019 15:18:30,1554823109331,1,09/04/2019 16:18:29,6138,39,task-w8es,,2427306,5c86516f0d4ac0001296d3c6,672046,,complete,,5cacb24955a6f60001891c00,computer,Desktop or Laptop,Windows 10,Firefox 66.0,1120x630,1120x551,after questionnairs,HADS,4,Low to High,after consent,after demographics,after training,after fishing,after questionnairs,"{""Q0"":""From time to time, occasionally"",""Q1"":""Very often"",""Q2"":""Not quite so much"",""Q3"":""Quite Often"",""Q4"":""Yes, but not too badly"",""Q5"":""I take just as much care as ever"",""Q6"":""As much as I always could"",""Q7"":""Not very much"",""Q8"":""From time to time, but not too often"",""Q9"":""As much as I ever did"",""Q10"":""Most of the time"",""Q11"":""Not at all"",""Q12"":""Quite often"",""Q13"":""Definitely"",""Q14"":""Often""}",96018
1,1554480398997,05/04/2019 16:06:38,1554480397302,1,05/04/2019 17:06:37,6138,39,task-w8es,,2417649,5a03241a6e1ea9000124dead,668370,,complete,,5ca77780221aa200167887d3,computer,Desktop or Laptop,Chromium OS 11647.104.0,Chrome 73.0.3683.88,1280x800,1280x641,after questionnairs,HADS,4,High to Low,after consent,after demographics,after training,after fishing,after questionnairs,"{""Q0"":""From time to time, occasionally"",""Q1"":""Sometimes"",""Q2"":""Definitely as much"",""Q3"":""Occasionally"",""Q4"":""A little, but it doesn't worry me"",""Q5"":""I take just as much care as ever"",""Q6"":""As much as I always could"",""Q7"":""Quite a lot"",""Q8"":""From time to time, but not too often"",""Q9"":""As much as I ever did"",""Q10"":""Most of the time"",""Q11"":""Not at all"",""Q12"":""Not at all"",""Q13"":""Usually"",""Q14"":""Often""}",97614.55999999997
1,1554477674053,05/04/2019 15:21:14,1554477673768,-5,05/04/2019 10:21:13,6138,39,task-w8es,,2417435,5c1cee9099de680001e2763c,668274,,complete,,5ca76b7fd9f511001691683c,computer,Desktop or Laptop,Windows 10,Chrome 73.0.3683.86,1280x720,1280x648,after questionnairs,HADS,4,High to Low,after consent,after demographics,after training,after fishing,after questionnairs,"{""Q0"":""A lot of the time"",""Q1"":""Sometimes"",""Q2"":""Not quite so much"",""Q3"":""Occasionally"",""Q4"":""A little, but it doesn't worry me"",""Q5"":""I may not take quite as much care"",""Q6"":""Not quite so much now"",""Q7"":""Quite a lot"",""Q8"":""A lot of the time"",""Q9"":""Rather less than I used to"",""Q10"":""Sometimes"",""Q11"":""Not at all"",""Q12"":""Not very often"",""Q13"":""Not Often"",""Q14"":""Sometimes""}",77817.6650000005
1,1554477369228,05/04/2019 15:16:09,1554477369808,1,05/04/2019 16:16:09,6138,39,task-w8es,,2417394,5bfa8c4b18430e0001865d19,668270,,complete,,5ca76af7ce2d040001a45e2b,computer,Desktop or Laptop,Windows 10,Chrome 73.0.3683.86,1920x1080,1920x937,after questionnairs,HADS,4,Low to High,after consent,after demographics,after training,after fishing,after questionnairs,"{""Q0"":""From time to time, occasionally"",""Q1"":""Not at all"",""Q2"":""Not quite so much"",""Q3"":""Not at all"",""Q4"":""Not at all"",""Q5"":""I may not take quite as much care"",""Q6"":""As much as I always could"",""Q7"":""Quite a lot"",""Q8"":""From time to time, but not too often"",""Q9"":""As much as I ever did"",""Q10"":""Sometimes"",""Q11"":""Not at all"",""Q12"":""Not very often"",""Q13"":""Usually"",""Q14"":""Often""}",128020.18500000122
1,1554477311311,05/04/2019 15:15:11,1554477309768,-7,05/04/2019 08:15:09,6138,39,task-w8es,,2417392,5c91c1524537020016fb17e9,668267,,complete,,5ca76a22f7c8550017428f91,computer,Desktop or Laptop,Windows 10,Chrome 73.0.3683.86,1366x768,1366x657,after questionnairs,HADS,4,Low to High,after consent,after demographics,after training,after fishing,after questionnairs,"{""Q0"":""From time to time, occasionally"",""Q1"":""Not at all"",""Q2"":""Definitely as much"",""Q3"":""Occasionally"",""Q4"":""Not at all"",""Q5"":""I don't take as much care as I should"",""Q6"":""As much as I always could"",""Q7"":""Very much indeed"",""Q8"":""From time to time, but not too often"",""Q9"":""Definitely less than I used to"",""Q10"":""Sometimes"",""Q11"":""Not at all"",""Q12"":""Not at all"",""Q13"":""Usually"",""Q14"":""Often""}",89700.91500000126
1,1554477267077,05/04/2019 15:14:27,1554477266977,1,05/04/2019 16:14:26,6138,39,task-w8es,,2417390,5ca606a5614b7b0015be495e,668244,,complete,,5ca768217ea4a700019a709b,computer,Desktop or Laptop,Windows 10,Chrome 73.0.3683.86,1920x1080,1920x937,after questionnairs,HADS,4,High to Low,after consent,after demographics,after training,after fishing,after questionnairs,"{""Q0"":""From time to time, occasionally"",""Q1"":""Sometimes"",""Q2"":""Not quite so much"",""Q3"":""Occasionally"",""Q4"":""A little, but it doesn't worry me"",""Q5"":""I may not take quite as much care"",""Q6"":""As much as I always could"",""Q7"":""Quite a lot"",""Q8"":""From time to time, but not too often"",""Q9"":""As much as I ever did"",""Q10"":""Most of the time"",""Q11"":""Not at all"",""Q12"":""Not at all"",""Q13"":""Definitely"",""Q14"":""Often""}",68033.82500004955
1,1555087188972,12/04/2019 16:39:48,1555087333377,1,12/04/2019 17:42:13,6138,39,task-w8es,,2439450,5c8cf105dfa22f00129081a0,675690,,complete,,5cb0b9c60555d9001322e858,computer,Desktop or Laptop,Windows 10,Chrome 73.0.3683.103,1366x768,1366x657,after questionnairs,HADS,4,Low to High,after consent,after demographics,after training,after fishing,after questionnairs,"{""Q0"":""Not at all"",""Q1"":""Sometimes"",""Q2"":""Definitely as much"",""Q3"":""Occasionally"",""Q4"":""Yes, but not too badly"",""Q5"":""I take just as much care as ever"",""Q6"":""As much as I always could"",""Q7"":""Quite a lot"",""Q8"":""A lot of the time"",""Q9"":""As much as I ever did"",""Q10"":""Sometimes"",""Q11"":""Not at all"",""Q12"":""Not at all"",""Q13"":""Not Often"",""Q14"":""Sometimes""}",92117.93999999645
1,1555087154092,12/04/2019 16:39:14,1555087153935,-4,12/04/2019 12:39:13,6138,39,task-w8es,,2439422,5bda1da4d6fef5000181aab2,675669,,complete,,5cb0b8bb04305d001823ded0,computer,Desktop or Laptop,Windows 10,Chrome 73.0.3683.103,1920x1200,1920x1089,after questionnairs,HADS,4,Low to High,after consent,after demographics,after training,after fishing,after questionnairs,"{""Q0"":""From time to time, occasionally"",""Q1"":""Sometimes"",""Q2"":""Definitely as much"",""Q3"":""Not at all"",""Q4"":""Yes, but not too badly"",""Q5"":""I don't take as much care as I should"",""Q6"":""As much as I always could"",""Q7"":""Quite a lot"",""Q8"":""A lot of the time"",""Q9"":""As much as I ever did"",""Q10"":""Not often"",""Q11"":""Not at all"",""Q12"":""Not very often"",""Q13"":""Usually"",""Q14"":""Often""}",66840.27999918908
1,1555087162903,12/04/2019 16:39:22,1555087163211,1,12/04/2019 17:39:23,6138,39,task-w8es,,2439361,5c1a1a8e792f4400015d5b86,675670,,complete,,5cb0b874f1029500169db3c7,computer,Desktop or Laptop,Windows 8.1,Chrome 73.0.3683.103,1366x768,1366x657,after questionnairs,HADS,4,Low to High,after consent,after demographics,after training,after fishing,after questionnairs,"{""Q0"":""A lot of the time"",""Q1"":""Very often"",""Q2"":""Not quite so much"",""Q3"":""Occasionally"",""Q4"":""Yes, but not too badly"",""Q5"":""I take just as much care as ever"",""Q6"":""As much as I always could"",""Q7"":""Not very much"",""Q8"":""A great deal of the time"",""Q9"":""Rather less than I used to"",""Q10"":""Not often"",""Q11"":""Not at all"",""Q12"":""Very often indeed"",""Q13"":""Not Often"",""Q14"":""Sometimes""}",112157.68000017852
1,1555086991043,12/04/2019 16:36:31,1555086989993,1,12/04/2019 17:36:29,6138,39,task-w8es,,2439105,585d02f7e9cb31000195e3dc,675636,,complete,,5cb0b7354a0e090001cb9d4f,computer,Desktop or Laptop,Windows 10,Chrome 72.0.3626.121,1368x912,1368x770,after questionnairs,HADS,4,High to Low,after consent,after demographics,after training,after fishing,after questionnairs,"{""Q0"":""From time to time, occasionally"",""Q1"":""Not at all"",""Q2"":""Definitely as much"",""Q3"":""Occasionally"",""Q4"":""Not at all"",""Q5"":""I may not take quite as much care"",""Q6"":""As much as I always could"",""Q7"":""Not very much"",""Q8"":""Only occasionally"",""Q9"":""As much as I ever did"",""Q10"":""Most of the time"",""Q11"":""Not at all"",""Q12"":""Not at all"",""Q13"":""Definitely"",""Q14"":""Often""}",64897.274999995716
1,1555086927090,12/04/2019 16:35:27,1555086925883,1,12/04/2019 17:35:25,6138,39,task-w8es,,2438944,59d68fb8e376fa00010aaa81,675625,,complete,,5cb0b6ab3533b30001d41b6d,computer,Desktop or Laptop,Windows 10,Chrome 73.0.3683.86,1366x768,1366x657,after questionnairs,HADS,4,High to Low,after consent,after demographics,after training,after fishing,after questionnairs,"{""Q0"":""From time to time, occasionally"",""Q1"":""Sometimes"",""Q2"":""Definitely as much"",""Q3"":""Occasionally"",""Q4"":""A little, but it doesn't worry me"",""Q5"":""I may not take quite as much care"",""Q6"":""As much as I always could"",""Q7"":""Quite a lot"",""Q8"":""Only occasionally"",""Q9"":""As much as I ever did"",""Q10"":""Most of the time"",""Q11"":""Not at all"",""Q12"":""Not at all"",""Q13"":""Usually"",""Q14"":""Often""}",96718.80499999679
1,1555086851589,12/04/2019 16:34:11,1555086851303,1,12/04/2019 17:34:11,6138,39,task-w8es,,2438885,5c86475b27f8cb0017c94a92,675665,,complete,,5cb0b87c0f5ecc0001a5415b,computer,Desktop or Laptop,Windows 10,Chrome 73.0.3683.103,1920x1080,1920x969,after questionnairs,HADS,4,Low to High,after consent,after demographics,after training,after fishing,after questionnairs,"{""Q0"":""From time to time, occasionally"",""Q1"":""Sometimes"",""Q2"":""Definitely as much"",""Q3"":""Occasionally"",""Q4"":""Yes, but not too badly"",""Q5"":""I don't take as much care as I should"",""Q6"":""As much as I always could"",""Q7"":""Not very much"",""Q8"":""From time to time, but not too often"",""Q9"":""As much as I ever did"",""Q10"":""Sometimes"",""Q11"":""Not at all"",""Q12"":""Not very often"",""Q13"":""Definitely"",""Q14"":""Often""}",56978.690000018105
1,1555086827022,12/04/2019 16:33:47,1555086775795,1,12/04/2019 17:32:55,6138,39,task-w8es,,2438863,5c7d56f22819ab0001b96439,675664,,complete,,5cb0b87830b1280018f1b701,computer,Desktop or Laptop,Windows 10,Chrome 73.0.3683.103,1920x1080,1920x937,after questionnairs,HADS,4,High to Low,after consent,after demographics,after training,after fishing,after questionnairs,"{""Q0"":""From time to time, occasionally"",""Q1"":""Not at all"",""Q2"":""Not quite so much"",""Q3"":""Not at all"",""Q4"":""Not at all"",""Q5"":""I take just as much care as ever"",""Q6"":""As much as I always could"",""Q7"":""Not at all"",""Q8"":""From time to time, but not too often"",""Q9"":""As much as I ever did"",""Q10"":""Most of the time"",""Q11"":""Not at all"",""Q12"":""Not at all"",""Q13"":""Definitely"",""Q14"":""Sometimes""}",46402.224999998
END OF FILE
